path,sha256,project_contribution_license,scope
.gitattributes,f8761c44e9db3993029ced35bacb8b285651f67a74abeae8b19a5e7c99884ee1,MIT,Only author-controlled contributions; underlying third-party rights unchanged
.gitignore,6ebffee8cabfa1b5185522902fface8a586f0ae0011149226998c8999faad4ec,MIT,Only author-controlled contributions; underlying third-party rights unchanged
configs/bti_asymmetric_gdro_development.json,f7d3162b7a8322f6c895c4ab81c11d89a00a3c903cd485a8604918f3345830c9,MIT,Only author-controlled contributions; underlying third-party rights unchanged
configs/bti_scene_condition_quantile_development.json,7d4761d354fd72702403955a8f2256b6cd3cbe6f77fd003f03a064aab97e5378,MIT,Only author-controlled contributions; underlying third-party rights unchanged
configs/bti_scene_tail_encoder_development.json,5ae0dbca16751dc00ddd83bc4ca8f1ce99ae562961f8051b4d9bdc415f0ccda2,MIT,Only author-controlled contributions; underlying third-party rights unchanged
configs/bti_worst_group_guard_hcp_development.json,2123bab4661b90ac280105bc0eb18bfae01ea38d62e08bc448acea29b03d79b3,MIT,Only author-controlled contributions; underlying third-party rights unchanged
configs/wacqnet_development_protocol_v1.yaml,4fc403056f841735a3625f039d4d31d9e3993ade53e4cff92b3d4c9af0cd5d81,MIT,Only author-controlled contributions; underlying third-party rights unchanged
docs/DATA_AND_WEIGHTS.md,9b35c5071fc3a60674f4d60aeac6a7a57ba0b616899c8a5c8bf305a244b4ee62,MIT,Only author-controlled contributions; underlying third-party rights unchanged
docs/DEPENDENCY_ACTIONS.md,92933b4932ad0cc32c8506016d89994769115e269131afb5a9f6f4b25938a3a2,MIT,Only author-controlled contributions; underlying third-party rights unchanged
docs/REPRODUCTION_GAPS.md,723f6b28a4aaebcd6cc727152ab9d24570a08211651fcbfd572c67b85dc8018f,MIT,Only author-controlled contributions; underlying third-party rights unchanged
docs/RIGHTS_AND_RELEASE_CHECKLIST.md,4706e84ac9a0b5afcdbb400d57a7174dc22c35adca624d2b0ba4d476a1ebe75c,MIT,Only author-controlled contributions; underlying third-party rights unchanged
legacy_support/configs/background_expansion.yaml,5d430fe78750cfd18231f1b1970c880a97dea475d384a880c928627d1337e81c,MIT,Only author-controlled contributions; underlying third-party rights unchanged
legacy_support/configs/detector_robustness.yaml,8c3ddb9e7c8fc1d4816f7d97962a214f540a41ad8ec5d5b27f7f8ef70d8c066e,MIT,Only author-controlled contributions; underlying third-party rights unchanged
legacy_support/scripts/build_reliability_boundary.py,a3ef0eda823311e8a346e7a82d0fb4af52c6c879bb031680ff000e0c3b374b1b,MIT,Only author-controlled contributions; underlying third-party rights unchanged
legacy_support/src/__init__.py,16c4c4cf9f37fd75361c3dd2ede0ce210c94afb4d65731770c4c08561068651e,MIT,Only author-controlled contributions; underlying third-party rights unchanged
legacy_support/src/data/__init__.py,39d87c0cbf46d17afc7e10477a5a2e5ec5cbaa79f57f466f2735946c69fdd0c2,MIT,Only author-controlled contributions; underlying third-party rights unchanged
legacy_support/src/data/detectability_experiment.py,701696c8281bb3f176789afc0da7906f568f0e751e32efa3d38f897c9bd12295,MIT,Only author-controlled contributions; underlying third-party rights unchanged
legacy_support/src/data/matched_filter.py,65d7e1d7e59ab5a9b852bcd871ba920a166345a054a60873dd66afe0da202a9c,MIT,Only author-controlled contributions; underlying third-party rights unchanged
legacy_support/src/data/null_normalization.py,0e7434e9cbc3a1d213d78e810151668fb0d0ee84bc0b7d04cf58f7d7e3dc38af,MIT,Only author-controlled contributions; underlying third-party rights unchanged
legacy_support/src/data/preprocessing.py,1ee32ac9045667eaefe2a36de15ab716170b220a81071dc4b85ab2d1bb12d51b,MIT,Only author-controlled contributions; underlying third-party rights unchanged
legacy_support/src/evaluation/__init__.py,1ea78dee560f03a85046e3f01869784414831a2dc4b2b7f41d20f24fc8edc300,MIT,Only author-controlled contributions; underlying third-party rights unchanged
legacy_support/src/evaluation/reliability_boundary.py,e346ccb4db620a9a5ac40fe5b5abf16eaf7969ee929811a859837434df7f8461,MIT,Only author-controlled contributions; underlying third-party rights unchanged
legacy_support/src/evaluation/zero_plume.py,e982e353fc6012aa5b58d6712c3f2ceea6652742752110bcb08660040051da68,MIT,Only author-controlled contributions; underlying third-party rights unchanged
legacy_support/src/models/__init__.py,e45d286eb53413ac6dddc2d90e4be10c00c4e18f67f56c8027d2812a7f99107a,MIT,Only author-controlled contributions; underlying third-party rights unchanged
legacy_support/src/models/backbones.py,c7908e4ac8b05e7f37696c5adab4f4d73ec484fc1ed74493d4e1b3ba0ce7971f,MIT,Only author-controlled contributions; underlying third-party rights unchanged
legacy_support/src/utils/__init__.py,342592e74cfc3a6df883fb35b96c7fd07076fb972866d2d29d38259ab52a1eb7,MIT,Only author-controlled contributions; underlying third-party rights unchanged
legacy_support/src/utils/checkpoint.py,fc2c23f0deed13e2939c1a3c29d34c416651cf74fe76c3083f5865c31289e60b,MIT,Only author-controlled contributions; underlying third-party rights unchanged
LICENSE,c5022ac20b63331eca317392f1cbdd055f7f89e3f2a7383517b46e6e0b79822b,MIT,Only author-controlled contributions; underlying third-party rights unchanged
LICENSE_SCOPE.md,dc9c0538bcd761c7e5be6ac4121e957a4303348bfe51a84b3fe7d5efae760d9c,MIT,Only author-controlled contributions; underlying third-party rights unchanged
LICENSES/CC-BY-4.0.txt,967742367f7e4aadce165db67c43ff50af9550aef0c4421d7003c7ea448499e2,MIT,Only author-controlled contributions; underlying third-party rights unchanged
manifests/code_source_integrity.csv,aceba7b4edd76c7f0724ebd3007b0ed1a345f09c3303746b1c47cc3bde064460,MIT,Only author-controlled contributions; underlying third-party rights unchanged
manifests/development_scene_manifest.csv,8c28bdbf3b946c2d636951c43c75e3f3c6dce6eff545adc51df7faf980778cb4,MIT,Only author-controlled contributions; underlying third-party rights unchanged
manifests/fold_checkpoint_manifest.csv,59e3f574f42223fddef84a89b07bff5103c61fbb2bd519889bfe58d4a33b83a7,MIT,Only author-controlled contributions; underlying third-party rights unchanged
manifests/static_local_imports.csv,f019796e465296874a56cfb0a0d9b7416169bd2072329782bfb0a4e19536d03b,MIT,Only author-controlled contributions; underlying third-party rights unchanged
parameters/a4_frozen_parameter_object.json,85b8b960a6bdf03da36e26a567c9cb35e9f5e9b75351dd8cd2a8064635bc9ba5,CC-BY-4.0,Only author-controlled contributions; underlying third-party rights unchanged
parameters/wgg_rule.json,be8c21b1fc64a09d21e87f1d9a6d2057a02adf6847d4a2167fcc04c1e71f7bca,MIT,Only author-controlled contributions; underlying third-party rights unchanged
plotting/draw_results_figures.py,5bc353c3ea2a6974c9c017e6f7a9abbd913e75bbca690585adfb40151d382184,MIT,Only author-controlled contributions; underlying third-party rights unchanged
protocol_archive/FROZEN_BEFORE_TRAINING.txt,99cccf243735ad20cbbe5813467793afc27a04eddcd7489a4b842c3fa37e19cf,MIT,Only author-controlled contributions; underlying third-party rights unchanged
protocol_archive/protocol_freeze_audit.json,ff05b0819638bbd420f335f29d547c796129094d4f2f97251bc734101e9e32a8,MIT,Only author-controlled contributions; underlying third-party rights unchanged
protocol_archive/protocol_v1_0_0_withdrawal.md,12d3bdcc28f34226ff68e3b8adabb0c73cf2ad83b1521913953f8527d62b0174,MIT,Only author-controlled contributions; underlying third-party rights unchanged
protocol_archive/protocol_v1_0_1_withdrawal.md,3c9eae53d158db44903e47d5869cddfcc1d7ec3438bf6734dfb90bfa4bc6d150,MIT,Only author-controlled contributions; underlying third-party rights unchanged
protocol_archive/wacqnet_mathematical_protocol_zh.md,fc3413d621928da9630d3cc7800f7813b68184fe871a5e644a2eba124b97f2ac,MIT,Only author-controlled contributions; underlying third-party rights unchanged
protocol_archive/wacqnet_protocol.sha256,e756277233dff5309dc31a51740d5839e059a01c51aa39418cf3b9934ebc4395,MIT,Only author-controlled contributions; underlying third-party rights unchanged
README.md,5b524dd6274264af6ae8e8a98c4a1c01d096bb2cdfaea46525dae3c50aae0c19,MIT,Only author-controlled contributions; underlying third-party rights unchanged
requirements-discovery.in,e422c6bf0716fe82947408770d4130d67c899d5483d40e1c68c17480788ba976,MIT,Only author-controlled contributions; underlying third-party rights unchanged
scripts/build_wacqnet_levelb_cache.py,1247ea978aba1b472065c88c5c4efb05fa7374fa29f4350e547ef6311a17fc55,MIT,Only author-controlled contributions; underlying third-party rights unchanged
scripts/build_wacqnet_wgg_main_figures_tables_v1.py,7f52325411ed194eff318082cf67cdb8a9b8ed287d27ff1e3475fb36d6219452,MIT,Only author-controlled contributions; underlying third-party rights unchanged
scripts/finalize_wacqnet_wgg_paper_v1.py,f96d5f3b713c287b48345524df28b90898eb5bdc1fbd25d0e60e74a16eae1486,MIT,Only author-controlled contributions; underlying third-party rights unchanged
scripts/run_bti_asymmetric_gdro_development.py,ed6d9cb0b9d94a1f966060b3cb5c3b9f47daf9d5c1a0a8f10d2115603ec625e4,MIT,Only author-controlled contributions; underlying third-party rights unchanged
scripts/run_bti_worst_group_guard_hcp_development.py,777ecf921b14b189c07b42d7183cffd8fbfce02c021dc312b01e0dea8a0aea31,MIT,Only author-controlled contributions; underlying third-party rights unchanged
scripts/run_wacqnet_36_lobo.py,3634dbef4389d3763d86416b9825738e99bd872b074340c0e0a46d40117d8943,MIT,Only author-controlled contributions; underlying third-party rights unchanged
scripts/summarize_wacqnet_development.py,ba9e1578242b2d9784d71c2fbd68475dc96a3ec945964dc92b3aa2ec7a1b6965,MIT,Only author-controlled contributions; underlying third-party rights unchanged
src/__init__.py,73c1bd7de70bae6fe7c4c000a55e3bcd894f8b264a8a334b6ab5cd0a06c012c9,MIT,Only author-controlled contributions; underlying third-party rights unchanged
src/bti_asymmetric_gdro.py,4bfc5c55b4333ed4b4905e316c4aa9a9bc2eff5da6e9a4227c219e7ac0334b71,MIT,Only author-controlled contributions; underlying third-party rights unchanged
src/bti_gdro.py,d534818196131d48cc561713a4d4588991c96f78f1637e6f0b22fa9e38e81ed0,MIT,Only author-controlled contributions; underlying third-party rights unchanged
src/bti_gdro_frozen_pipeline.py,f6e12fb54cc21da844a1f7107b1d79f2b6a3a432dda43b3d55968543fdc29171,MIT,Only author-controlled contributions; underlying third-party rights unchanged
src/bti_group_tolerance_hcp.py,cb31fd2b8866ef7a1387337a2c441578423a14e63d8d7047225a389783c90691,MIT,Only author-controlled contributions; underlying third-party rights unchanged
src/bti_hcp.py,c97a81e10f4d9937ad1c3b776c65bbf6aa5546a0ccd26a0a1b809975e81d40aa,MIT,Only author-controlled contributions; underlying third-party rights unchanged
src/bti_settail_hcp.py,d4e74ef79b0d3bd8606feda3258f44fed74028d5a207d5b9d7abf49a822abc1e,MIT,Only author-controlled contributions; underlying third-party rights unchanged
src/bti_v2_levelb.py,70c192bf2bcfa25cb4e33a5f43262d5644ad2b66b739ccdb60ae3ce8091bd1d3,MIT,Only author-controlled contributions; underlying third-party rights unchanged
src/wacqnet.py,168834cb219c81e8d630dff03621ea07c2c9782546e0d0a8ec7cfd7faeda7bd1,MIT,Only author-controlled contributions; underlying third-party rights unchanged
tests/test_bti_worst_group_guard_hcp.py,3b170cce6e2ebea49514d4d5fc05c7508e13eed1c605ecdea4427234f3b18239,MIT,Only author-controlled contributions; underlying third-party rights unchanged
tests/test_wacqnet_protocol.py,9f3ea104a8b89022249c1a33c481711ce1455f09b7bda1b12d3e9eba167d8123,MIT,Only author-controlled contributions; underlying third-party rights unchanged
THIRD_PARTY_NOTICES.md,4b1192ef723194f07d072a98a369451e23bc40c32eda5ca211aac4401e753d47,MIT,Only author-controlled contributions; underlying third-party rights unchanged
