package_path,sha256,source_scope,copy_policy
src/wacqnet.py,168834cb219c81e8d630dff03621ea07c2c9782546e0d0a8ec7cfd7faeda7bd1,current_project,byte_identical_no_algorithm_edits
scripts/run_wacqnet_36_lobo.py,3634dbef4389d3763d86416b9825738e99bd872b074340c0e0a46d40117d8943,current_project,byte_identical_no_algorithm_edits
scripts/build_wacqnet_levelb_cache.py,1247ea978aba1b472065c88c5c4efb05fa7374fa29f4350e547ef6311a17fc55,current_project,byte_identical_no_algorithm_edits
scripts/run_bti_worst_group_guard_hcp_development.py,777ecf921b14b189c07b42d7183cffd8fbfce02c021dc312b01e0dea8a0aea31,current_project,byte_identical_no_algorithm_edits
scripts/summarize_wacqnet_development.py,ba9e1578242b2d9784d71c2fbd68475dc96a3ec945964dc92b3aa2ec7a1b6965,current_project,byte_identical_no_algorithm_edits
scripts/finalize_wacqnet_wgg_paper_v1.py,f96d5f3b713c287b48345524df28b90898eb5bdc1fbd25d0e60e74a16eae1486,current_project,byte_identical_no_algorithm_edits
scripts/build_wacqnet_wgg_main_figures_tables_v1.py,7f52325411ed194eff318082cf67cdb8a9b8ed287d27ff1e3475fb36d6219452,current_project,byte_identical_no_algorithm_edits
tests/test_wacqnet_protocol.py,9f3ea104a8b89022249c1a33c481711ce1455f09b7bda1b12d3e9eba167d8123,current_project,byte_identical_no_algorithm_edits
tests/test_bti_worst_group_guard_hcp.py,3b170cce6e2ebea49514d4d5fc05c7508e13eed1c605ecdea4427234f3b18239,current_project,byte_identical_no_algorithm_edits
src/__init__.py,73c1bd7de70bae6fe7c4c000a55e3bcd894f8b264a8a334b6ab5cd0a06c012c9,current_project,byte_identical_no_algorithm_edits
src/bti_v2_levelb.py,70c192bf2bcfa25cb4e33a5f43262d5644ad2b66b739ccdb60ae3ce8091bd1d3,current_project,byte_identical_no_algorithm_edits
scripts/run_bti_asymmetric_gdro_development.py,ed6d9cb0b9d94a1f966060b3cb5c3b9f47daf9d5c1a0a8f10d2115603ec625e4,current_project,byte_identical_no_algorithm_edits
src/bti_gdro.py,d534818196131d48cc561713a4d4588991c96f78f1637e6f0b22fa9e38e81ed0,current_project,byte_identical_no_algorithm_edits
src/bti_gdro_frozen_pipeline.py,f6e12fb54cc21da844a1f7107b1d79f2b6a3a432dda43b3d55968543fdc29171,current_project,byte_identical_no_algorithm_edits
src/bti_group_tolerance_hcp.py,cb31fd2b8866ef7a1387337a2c441578423a14e63d8d7047225a389783c90691,current_project,byte_identical_no_algorithm_edits
src/bti_settail_hcp.py,d4e74ef79b0d3bd8606feda3258f44fed74028d5a207d5b9d7abf49a822abc1e,current_project,byte_identical_no_algorithm_edits
legacy_support/scripts/build_reliability_boundary.py,a3ef0eda823311e8a346e7a82d0fb4af52c6c879bb031680ff000e0c3b374b1b,legacy_support,byte_identical_no_algorithm_edits
legacy_support/src/data/detectability_experiment.py,701696c8281bb3f176789afc0da7906f568f0e751e32efa3d38f897c9bd12295,legacy_support,byte_identical_no_algorithm_edits
legacy_support/src/data/matched_filter.py,65d7e1d7e59ab5a9b852bcd871ba920a166345a054a60873dd66afe0da202a9c,legacy_support,byte_identical_no_algorithm_edits
legacy_support/src/evaluation/reliability_boundary.py,e346ccb4db620a9a5ac40fe5b5abf16eaf7969ee929811a859837434df7f8461,legacy_support,byte_identical_no_algorithm_edits
src/bti_asymmetric_gdro.py,4bfc5c55b4333ed4b4905e316c4aa9a9bc2eff5da6e9a4227c219e7ac0334b71,current_project,byte_identical_no_algorithm_edits
src/bti_hcp.py,c97a81e10f4d9937ad1c3b776c65bbf6aa5546a0ccd26a0a1b809975e81d40aa,current_project,byte_identical_no_algorithm_edits
legacy_support/src/data/null_normalization.py,0e7434e9cbc3a1d213d78e810151668fb0d0ee84bc0b7d04cf58f7d7e3dc38af,legacy_support,byte_identical_no_algorithm_edits
legacy_support/src/data/preprocessing.py,1ee32ac9045667eaefe2a36de15ab716170b220a81071dc4b85ab2d1bb12d51b,legacy_support,byte_identical_no_algorithm_edits
legacy_support/src/evaluation/zero_plume.py,e982e353fc6012aa5b58d6712c3f2ceea6652742752110bcb08660040051da68,legacy_support,byte_identical_no_algorithm_edits
legacy_support/src/models/backbones.py,c7908e4ac8b05e7f37696c5adab4f4d73ec484fc1ed74493d4e1b3ba0ce7971f,legacy_support,byte_identical_no_algorithm_edits
legacy_support/src/data/__init__.py,39d87c0cbf46d17afc7e10477a5a2e5ec5cbaa79f57f466f2735946c69fdd0c2,legacy_support,byte_identical_no_algorithm_edits
legacy_support/src/__init__.py,16c4c4cf9f37fd75361c3dd2ede0ce210c94afb4d65731770c4c08561068651e,legacy_support,byte_identical_no_algorithm_edits
legacy_support/src/evaluation/__init__.py,1ea78dee560f03a85046e3f01869784414831a2dc4b2b7f41d20f24fc8edc300,legacy_support,byte_identical_no_algorithm_edits
legacy_support/src/utils/checkpoint.py,fc2c23f0deed13e2939c1a3c29d34c416651cf74fe76c3083f5865c31289e60b,legacy_support,byte_identical_no_algorithm_edits
legacy_support/src/models/__init__.py,e45d286eb53413ac6dddc2d90e4be10c00c4e18f67f56c8027d2812a7f99107a,legacy_support,byte_identical_no_algorithm_edits
legacy_support/src/utils/__init__.py,342592e74cfc3a6df883fb35b96c7fd07076fb972866d2d29d38259ab52a1eb7,legacy_support,byte_identical_no_algorithm_edits
plotting/draw_results_figures.py,5bc353c3ea2a6974c9c017e6f7a9abbd913e75bbca690585adfb40151d382184,current_manuscript_result_figure_script,byte_identical_no_algorithm_edits
