background_id,current_role,development_scope,historical_source_scope,scene_path,scene_sha256,raw_filename,explicit_valid_mask_present,metadata_path
bti_240905_Salvador_Brazil_0,development_only,training_development_25,demoted_old_calibration,scenes/bti_240905_Salvador_Brazil_0_scene.npz,90817f68f9d14f55dd1b90f2258f307638edf8a360fe38e4cd57f4e98e5672b1,oco3_LtCO2_240905_B11072Ar_241204025743s.nc4,True,metadata/bti_240905_Salvador_Brazil_0_metadata.json
bti_241001_campaign_texmex_fort_worth_0,development_only,training_development_25,demoted_old_calibration,scenes/bti_241001_campaign_texmex_fort_worth_0_scene.npz,4be7e7efac1b5db150d01e7090ea97d6e1d9045ee26e7618a3c4eb47563a5040,oco3_LtCO2_241001_B11072Ar_241216154817s.nc4,True,metadata/bti_241001_campaign_texmex_fort_worth_0_metadata.json
bti_241012_ecostress_il_yat_0,development_only,training_development_25,demoted_old_calibration,scenes/bti_241012_ecostress_il_yat_0_scene.npz,7a481a6d05b0b507f5aec50e3c7855cbb1554bed34db460329b9fbac70408b6a,oco3_LtCO2_241012_B11072Ar_241216155003s.nc4,True,metadata/bti_241012_ecostress_il_yat_0_metadata.json
bti_241204_ecostress_ne_waf_0,development_only,training_development_25,demoted_old_calibration,scenes/bti_241204_ecostress_ne_waf_0_scene.npz,62df11bb24c4e99ba241763d3a85b97f7ad7ab3166e708f77b36e4a33d6a845e,oco3_LtCO2_241204_B11072Ar_250206191526s.nc4,True,metadata/bti_241204_ecostress_ne_waf_0_metadata.json
bti_241212_Venice_Italy_0,development_only,training_development_25,demoted_old_calibration,scenes/bti_241212_Venice_Italy_0_scene.npz,d03fe2cbbb82b834877d17e0f56949720711fea8900d248c04d27885c6f369e4,oco3_LtCO2_241212_B11072Ar_250206191746s.nc4,True,metadata/bti_241212_Venice_Italy_0_metadata.json
bti_250207_ecostress_us_tx2_0,development_only,training_development_25,demoted_old_calibration,scenes/bti_250207_ecostress_us_tx2_0_scene.npz,6f1c32b8500c16eab1e6a31d5c1ce64ec02ccbdabee4b25f038f63815965ab49,oco3_LtCO2_250207_B11077Ar_250829212928s.nc4,True,metadata/bti_250207_ecostress_us_tx2_0_metadata.json
bti_250214_ecostress_ssh_czo_cal_0,development_only,training_development_25,demoted_old_calibration,scenes/bti_250214_ecostress_ssh_czo_cal_0_scene.npz,45d4d9a18cce2f050e62a10e1cde2658548a2d06ce1197dfa6a82002c8bca229,oco3_LtCO2_250214_B11077Ar_250829213142s.nc4,True,metadata/bti_250214_ecostress_ssh_czo_cal_0_metadata.json
bti_250406_sif_Santa_Rita_Cluster_USA_0,development_only,training_development_25,demoted_old_calibration,scenes/bti_250406_sif_Santa_Rita_Cluster_USA_0_scene.npz,6b5eb7f899c8c744a0e057bc8800a5682f674204e81c0710987e63539050496d,oco3_LtCO2_250406_B11077Ar_250813224348s.nc4,True,metadata/bti_250406_sif_Santa_Rita_Cluster_USA_0_metadata.json
bti_250504_Christchurch_NewZealand_0,development_only,training_development_25,demoted_old_calibration,scenes/bti_250504_Christchurch_NewZealand_0_scene.npz,d48853d67248df7c700978edabef972293035c65b0a4f01b5958fa23b9a3b57f,oco3_LtCO2_250504_B11077Ar_250812154744s.nc4,True,metadata/bti_250504_Christchurch_NewZealand_0_metadata.json
bti_250815_ecostress_us_var_0,development_only,training_development_25,demoted_old_calibration,scenes/bti_250815_ecostress_us_var_0_scene.npz,1c80cb4a130dd8f63316600dc895094acd65a9cf5acaf122c226526eb6d7d243,oco3_LtCO2_250815_B11077Ar_251006175319s.nc4,True,metadata/bti_250815_ecostress_us_var_0_metadata.json
bti_251011_ecostress_us_los_0,development_only,training_development_25,demoted_old_calibration,scenes/bti_251011_ecostress_us_los_0_scene.npz,47d5e45ec5d51a67f40deb4e4cbaff0639a6bbb82555db947df28517a497fb03,oco3_LtCO2_251011_B11077Ar_251210222037s.nc4,True,metadata/bti_251011_ecostress_us_los_0_metadata.json
bti_251215_campaign_texmex_baton_rouge_0,development_only,training_development_25,demoted_old_calibration,scenes/bti_251215_campaign_texmex_baton_rouge_0_scene.npz,4ed2968539d9583a632400a0a724560aad1760ccfd593662e14d33be19e684b9,oco3_LtCO2_251215_B11077Ar_260201180702s.nc4,True,metadata/bti_251215_campaign_texmex_baton_rouge_0_metadata.json
bti_shcp_ef_260727_ecostress_us_tx5_0,development_only,external_development_11,demoted_v2_calibration,scenes/bti_shcp_ef_260727_ecostress_us_tx5_0_scene.npz,7433e283e878814566067239aaa42683bbd549caa92a41a6f1c40467182a2d6b,oco3_LtCO2_260727_B11080Ar_260917020913s.nc4,True,metadata/bti_shcp_ef_260727_ecostress_us_tx5_0_metadata.json
bti_shcp_hist_191006_Flat_Desert_Test_0002_0,development_only,external_development_11,demoted_v2_calibration,scenes/bti_shcp_hist_191006_Flat_Desert_Test_0002_0_scene.npz,dcb8634ae77152b18a98bac3f8efa540d3e29d3686e6f9bcd5a2ad2c88812070,oco3_LtCO2_191006_B11072Ar_240911165958s.nc4,True,metadata/bti_shcp_hist_191006_Flat_Desert_Test_0002_0_metadata.json
bti_shcp_hist_200305_ecostress_cr_fsc_0,development_only,external_development_11,demoted_v2_calibration,scenes/bti_shcp_hist_200305_ecostress_cr_fsc_0_scene.npz,f69296434603a1e978e559bf19ad1bff07f5cc92596ca58b130182f0b8425448,oco3_LtCO2_200305_B11072Ar_240912033430s.nc4,True,metadata/bti_shcp_hist_200305_ecostress_cr_fsc_0_metadata.json
bti_shcp_hist_200408_v221101_Nabro_0,development_only,external_development_11,demoted_v2_calibration,scenes/bti_shcp_hist_200408_v221101_Nabro_0_scene.npz,b184b822ea68e3af1cf9ad0e60ad84896725901c2e6d209bc3e66171addb7f0e,oco3_LtCO2_200408_B11072Ar_240912033852s.nc4,True,metadata/bti_shcp_hist_200408_v221101_Nabro_0_metadata.json
bti_shcp_hist_200412_ecostress_de_tha_0,development_only,external_development_11,demoted_v2_calibration,scenes/bti_shcp_hist_200412_ecostress_de_tha_0_scene.npz,f747fb735cfeb2507125412ff65756595805eac1aafadbf60f51bfd7bdd5f182,oco3_LtCO2_200412_B11072Ar_240912033912s.nc4,True,metadata/bti_shcp_hist_200412_ecostress_de_tha_0_metadata.json
bti_shcp_hist_200617_ecostress_us_syv_0,development_only,external_development_11,demoted_v2_calibration,scenes/bti_shcp_hist_200617_ecostress_us_syv_0_scene.npz,e4f56b1f3d04b65300bf38c6f4bcf7b7d276fc54e12ce2ba01a339d1282c301b,oco3_LtCO2_200617_B11072Ar_240913232024s.nc4,True,metadata/bti_shcp_hist_200617_ecostress_us_syv_0_metadata.json
bti_shcp_hist_201006_v325010_Yellowstone_0,development_only,external_development_11,demoted_v2_calibration,scenes/bti_shcp_hist_201006_v325010_Yellowstone_0_scene.npz,2d858fb23ccd1df6f7edb942b573e43cad77c5331f039c9cfab55092adc6b806,oco3_LtCO2_201006_B11072Ar_240913232904s.nc4,True,metadata/bti_shcp_hist_201006_v325010_Yellowstone_0_metadata.json
bti_shcp_hist_210212_ecostress_us_cz1_0,development_only,external_development_11,demoted_v2_calibration,scenes/bti_shcp_hist_210212_ecostress_us_cz1_0_scene.npz,b9e01a0fb5d94cdba24956e8067aeaa820cbdc6991f70bc0c38ef3f3b03010d1,oco3_LtCO2_210212_B11072Ar_240915203849s.nc4,True,metadata/bti_shcp_hist_210212_ecostress_us_cz1_0_metadata.json
bti_shcp_hist_210417_ecostress_us_hn2_0,development_only,external_development_11,demoted_v2_calibration,scenes/bti_shcp_hist_210417_ecostress_us_hn2_0_scene.npz,35a7b13d1abf78219cead545be67055caaf44f686c775a27df5e85e79927d442,oco3_LtCO2_210417_B11072Ar_240915204218s.nc4,True,metadata/bti_shcp_hist_210417_ecostress_us_hn2_0_metadata.json
bti_shcp_v2_210622_ecostress_us_arm_0,development_only,external_development_11,demoted_v2_calibration,scenes/bti_shcp_v2_210622_ecostress_us_arm_0_scene.npz,7b717800bfa55a75a4db2de39c32bb8c7c102d42843473acf028dac2b156bf54,oco3_LtCO2_210622_B11072Ar_240915204541s.nc4,True,metadata/bti_shcp_v2_210622_ecostress_us_arm_0_metadata.json
bti_shcp_v2_210810_ecostress_us_sp_0,development_only,external_development_11,demoted_v2_calibration,scenes/bti_shcp_v2_210810_ecostress_us_sp_0_scene.npz,72df87c10df355164f04889856daf09d0e915caa5c19849b5201ddfb47fc2309,oco3_LtCO2_210810_B11072Ar_240915204728s.nc4,True,metadata/bti_shcp_v2_210810_ecostress_us_sp_0_metadata.json
fresh_240722_ecostress_ar_slu_0,development_only,training_development_25,historical_expansion,scenes/fresh_240722_ecostress_ar_slu_0_scene.npz,066dc3909beed183cce45ab8430e9e498b82e366b3075d8a5110bc9bdba4d0cd,oco3_LtCO2_240722_B11072Ar_241126004208s.nc4,True,metadata/fresh_240722_ecostress_ar_slu_0_metadata.json
fresh_250610_validation_eastern_colorado,development_only,training_development_25,historical_expansion,scenes/fresh_250610_validation_eastern_colorado_scene.npz,dd9c3164fe1fef206f4b2df3ca24585d1ead6c27a210f34f0a1f6f0d65c0ffad,oco3_LtCO2_250610_B11077Ar_251006044856s.nc4,True,metadata/fresh_250610_validation_eastern_colorado_metadata.json
fresh_r2_240801_ecostress_au_stp_0,development_only,training_development_25,historical_expansion,scenes/fresh_r2_240801_ecostress_au_stp_0_scene.npz,bf5d7c7fd3dfd5c64056df579b9a4ef8fcad50744309d7da89b250c027d6d6ee,oco3_LtCO2_240801_B11072Ar_241126004539s.nc4,True,metadata/fresh_r2_240801_ecostress_au_stp_0_metadata.json
fresh_r4_240817_ecostress_us_hn1_0,development_only,training_development_25,historical_expansion,scenes/fresh_r4_240817_ecostress_us_hn1_0_scene.npz,21388efbd0af835032fae61f39ba20ccab2533eaf14a8d9afbc200e7f640ff2d,oco3_LtCO2_240817_B11072Ar_241126004846s.nc4,True,metadata/fresh_r4_240817_ecostress_us_hn1_0_metadata.json
scene_20200814_204505_204710_lat44p22_44p80_lonm89p8_m88p9,development_only,training_development_25,legacy_original_development,scenes/scene_20200814_204505_204710_lat44p22_44p80_lonm89p8_m88p9_scene.npz,2f659e5cb53f94c1d42587ba535a34fa1b7257abb4cf332c1ef3444305188474,oco3_LtCO2_200814_B11072Ar_240913232441s.nc4,False,metadata/scene_20200814_204505_204710_lat44p22_44p80_lonm89p8_m88p9_metadata.json
scene_20210124_142615_142820_lat13p2_13p78_lon2p35_3p25,development_only,training_development_25,legacy_original_development,scenes/scene_20210124_142615_142820_lat13p2_13p78_lon2p35_3p25_scene.npz,4f2cc6e9b19c6e0b2c7c0ac836104dff98603d4f9a6b6d27769dec70961c43d5,oco3_LtCO2_210124_B11072Ar_240915203807s.nc4,False,metadata/scene_20210124_142615_142820_lat13p2_13p78_lon2p35_3p25_metadata.json
scene_20210420_210835_211040_lat38p25_38p83_lonm122p0_m121p1,development_only,training_development_25,legacy_original_development,scenes/scene_20210420_210835_211040_lat38p25_38p83_lonm122p0_m121p1_scene.npz,bd902f538aab2cfaf3f4686e850cb31435190125d4028be8bf3692ccd25ef744,oco3_LtCO2_210420_B11072Ar_240915204233s.nc4,False,metadata/scene_20210420_210835_211040_lat38p25_38p83_lonm122p0_m121p1_metadata.json
scene_20210421_074525_074725_lat48p30_48p88_lon1p9_2p8,development_only,training_development_25,legacy_original_development,scenes/scene_20210421_074525_074725_lat48p30_48p88_lon1p9_2p8_scene.npz,2d3d3cf04cdcacd1cbc2c2faa04b30fb765dda28eb50b640ece24d3afff99265,oco3_LtCO2_210421_B11072Ar_240915204236s.nc4,False,metadata/scene_20210421_074525_074725_lat48p30_48p88_lon1p9_2p8_metadata.json
scene_20211130_055145_055345_lat25p9_26p48_lon105p9_106p8,development_only,training_development_25,legacy_original_development,scenes/scene_20211130_055145_055345_lat25p9_26p48_lon105p9_106p8_scene.npz,08a0b32459311ef24f54c26939582715a1e8737aee896a76a216c750cbcc3a49,oco3_LtCO2_211130_B11072Ar_240915205306s.nc4,False,metadata/scene_20211130_055145_055345_lat25p9_26p48_lon105p9_106p8_metadata.json
scene_20220725_010105_010310_lat43p22_43p80_lonm120p2_m119p3,development_only,training_development_25,legacy_original_development,scenes/scene_20220725_010105_010310_lat43p22_43p80_lonm120p2_m119p3_scene.npz,288a071c8513e2532396da32492d303bba4b4746063ab52353582e190239b47c,oco3_LtCO2_220725_B11072Ar_240915213045s.nc4,False,metadata/scene_20220725_010105_010310_lat43p22_43p80_lonm120p2_m119p3_metadata.json
scene_20221020_033705_033910_lat43p75_44p33_lon124p3_125p2,development_only,training_development_25,legacy_original_development,scenes/scene_20221020_033705_033910_lat43p75_44p33_lon124p3_125p2_scene.npz,d7b166e0d1ed42fa5b76bc3bcc5890b6ada7e6434096195f6a453a7c5a450c06,oco3_LtCO2_221020_B11072Ar_240915213536s.nc4,False,metadata/scene_20221020_033705_033910_lat43p75_44p33_lon124p3_125p2_metadata.json
scene_20231006_192245_192450_lat43p20_43p78_lonm120p3_m119p4,development_only,training_development_25,legacy_original_development,scenes/scene_20231006_192245_192450_lat43p20_43p78_lonm120p3_m119p4_scene.npz,60dee5fcfad4a79ebe5fe55ef2a99d7f08281300b6a3b1177dba7635ba20619f,oco3_LtCO2_231006_B11072Ar_240915221430s.nc4,False,metadata/scene_20231006_192245_192450_lat43p20_43p78_lonm120p3_m119p4_metadata.json
scene_20250927_200015_200220_lat39p62_40p20_lonm104p5_m103p6,development_only,training_development_25,legacy_original_development,scenes/scene_20250927_200015_200220_lat39p62_40p20_lonm104p5_m103p6_scene.npz,051516113eb65be9ec3c4ef14507fc85bf5ca6e8bb321bbc5323c3aff5fcf1b3,oco3_LtCO2_250927_B11077Ar_251021182533s.nc4,False,metadata/scene_20250927_200015_200220_lat39p62_40p20_lonm104p5_m103p6_metadata.json
