model_id,fold_index_zero_based,heldout_background,training_group_count,training_groups,fold_seed,file,sha256,historical_frozen_sha256_match
WACQ_FULL,0,bti_240905_Salvador_Brazil_0,35,bti_241001_campaign_texmex_fort_worth_0|bti_241012_ecostress_il_yat_0|bti_241204_ecostress_ne_waf_0|bti_241212_Venice_Italy_0|bti_250207_ecostress_us_tx2_0|bti_250214_ecostress_ssh_czo_cal_0|bti_250406_sif_Santa_Rita_Cluster_USA_0|bti_250504_Christchurch_NewZealand_0|bti_250815_ecostress_us_var_0|bti_251011_ecostress_us_los_0|bti_251215_campaign_texmex_baton_rouge_0|bti_shcp_ef_260727_ecostress_us_tx5_0|bti_shcp_hist_191006_Flat_Desert_Test_0002_0|bti_shcp_hist_200305_ecostress_cr_fsc_0|bti_shcp_hist_200408_v221101_Nabro_0|bti_shcp_hist_200412_ecostress_de_tha_0|bti_shcp_hist_200617_ecostress_us_syv_0|bti_shcp_hist_201006_v325010_Yellowstone_0|bti_shcp_hist_210212_ecostress_us_cz1_0|bti_shcp_hist_210417_ecostress_us_hn2_0|bti_shcp_v2_210622_ecostress_us_arm_0|bti_shcp_v2_210810_ecostress_us_sp_0|fresh_240722_ecostress_ar_slu_0|fresh_250610_validation_eastern_colorado|fresh_r2_240801_ecostress_au_stp_0|fresh_r4_240817_ecostress_us_hn1_0|scene_20200814_204505_204710_lat44p22_44p80_lonm89p8_m88p9|scene_20210124_142615_142820_lat13p2_13p78_lon2p35_3p25|scene_20210420_210835_211040_lat38p25_38p83_lonm122p0_m121p1|scene_20210421_074525_074725_lat48p30_48p88_lon1p9_2p8|scene_20211130_055145_055345_lat25p9_26p48_lon105p9_106p8|scene_20220725_010105_010310_lat43p22_43p80_lonm120p2_m119p3|scene_20221020_033705_033910_lat43p75_44p33_lon124p3_125p2|scene_20231006_192245_192450_lat43p20_43p78_lonm120p3_m119p4|scene_20250927_200015_200220_lat39p62_40p20_lonm104p5_m103p6,2901273933,wacqnet_full_lobo/fold_00_WACQ_FULL.h5,f39a2e229333d5f004c75b5907f690b75dbd0d5991c1f821777bc089e2ad0fcc,True
WACQ_FULL,1,bti_241001_campaign_texmex_fort_worth_0,35,bti_240905_Salvador_Brazil_0|bti_241012_ecostress_il_yat_0|bti_241204_ecostress_ne_waf_0|bti_241212_Venice_Italy_0|bti_250207_ecostress_us_tx2_0|bti_250214_ecostress_ssh_czo_cal_0|bti_250406_sif_Santa_Rita_Cluster_USA_0|bti_250504_Christchurch_NewZealand_0|bti_250815_ecostress_us_var_0|bti_251011_ecostress_us_los_0|bti_251215_campaign_texmex_baton_rouge_0|bti_shcp_ef_260727_ecostress_us_tx5_0|bti_shcp_hist_191006_Flat_Desert_Test_0002_0|bti_shcp_hist_200305_ecostress_cr_fsc_0|bti_shcp_hist_200408_v221101_Nabro_0|bti_shcp_hist_200412_ecostress_de_tha_0|bti_shcp_hist_200617_ecostress_us_syv_0|bti_shcp_hist_201006_v325010_Yellowstone_0|bti_shcp_hist_210212_ecostress_us_cz1_0|bti_shcp_hist_210417_ecostress_us_hn2_0|bti_shcp_v2_210622_ecostress_us_arm_0|bti_shcp_v2_210810_ecostress_us_sp_0|fresh_240722_ecostress_ar_slu_0|fresh_250610_validation_eastern_colorado|fresh_r2_240801_ecostress_au_stp_0|fresh_r4_240817_ecostress_us_hn1_0|scene_20200814_204505_204710_lat44p22_44p80_lonm89p8_m88p9|scene_20210124_142615_142820_lat13p2_13p78_lon2p35_3p25|scene_20210420_210835_211040_lat38p25_38p83_lonm122p0_m121p1|scene_20210421_074525_074725_lat48p30_48p88_lon1p9_2p8|scene_20211130_055145_055345_lat25p9_26p48_lon105p9_106p8|scene_20220725_010105_010310_lat43p22_43p80_lonm120p2_m119p3|scene_20221020_033705_033910_lat43p75_44p33_lon124p3_125p2|scene_20231006_192245_192450_lat43p20_43p78_lonm120p3_m119p4|scene_20250927_200015_200220_lat39p62_40p20_lonm104p5_m103p6,1044746878,wacqnet_full_lobo/fold_01_WACQ_FULL.h5,08fac9229297136d680f866c0dfe1e3e609bac7fc5489d47b738c94afa24419c,True
WACQ_FULL,2,bti_241012_ecostress_il_yat_0,35,bti_240905_Salvador_Brazil_0|bti_241001_campaign_texmex_fort_worth_0|bti_241204_ecostress_ne_waf_0|bti_241212_Venice_Italy_0|bti_250207_ecostress_us_tx2_0|bti_250214_ecostress_ssh_czo_cal_0|bti_250406_sif_Santa_Rita_Cluster_USA_0|bti_250504_Christchurch_NewZealand_0|bti_250815_ecostress_us_var_0|bti_251011_ecostress_us_los_0|bti_251215_campaign_texmex_baton_rouge_0|bti_shcp_ef_260727_ecostress_us_tx5_0|bti_shcp_hist_191006_Flat_Desert_Test_0002_0|bti_shcp_hist_200305_ecostress_cr_fsc_0|bti_shcp_hist_200408_v221101_Nabro_0|bti_shcp_hist_200412_ecostress_de_tha_0|bti_shcp_hist_200617_ecostress_us_syv_0|bti_shcp_hist_201006_v325010_Yellowstone_0|bti_shcp_hist_210212_ecostress_us_cz1_0|bti_shcp_hist_210417_ecostress_us_hn2_0|bti_shcp_v2_210622_ecostress_us_arm_0|bti_shcp_v2_210810_ecostress_us_sp_0|fresh_240722_ecostress_ar_slu_0|fresh_250610_validation_eastern_colorado|fresh_r2_240801_ecostress_au_stp_0|fresh_r4_240817_ecostress_us_hn1_0|scene_20200814_204505_204710_lat44p22_44p80_lonm89p8_m88p9|scene_20210124_142615_142820_lat13p2_13p78_lon2p35_3p25|scene_20210420_210835_211040_lat38p25_38p83_lonm122p0_m121p1|scene_20210421_074525_074725_lat48p30_48p88_lon1p9_2p8|scene_20211130_055145_055345_lat25p9_26p48_lon105p9_106p8|scene_20220725_010105_010310_lat43p22_43p80_lonm120p2_m119p3|scene_20221020_033705_033910_lat43p75_44p33_lon124p3_125p2|scene_20231006_192245_192450_lat43p20_43p78_lonm120p3_m119p4|scene_20250927_200015_200220_lat39p62_40p20_lonm104p5_m103p6,3866155823,wacqnet_full_lobo/fold_02_WACQ_FULL.h5,0109b122c7aabdee8e5af73756fd0eed791bfd10d0a92c7e3852c8750376cc88,True
WACQ_FULL,3,bti_241204_ecostress_ne_waf_0,35,bti_240905_Salvador_Brazil_0|bti_241001_campaign_texmex_fort_worth_0|bti_241012_ecostress_il_yat_0|bti_241212_Venice_Italy_0|bti_250207_ecostress_us_tx2_0|bti_250214_ecostress_ssh_czo_cal_0|bti_250406_sif_Santa_Rita_Cluster_USA_0|bti_250504_Christchurch_NewZealand_0|bti_250815_ecostress_us_var_0|bti_251011_ecostress_us_los_0|bti_251215_campaign_texmex_baton_rouge_0|bti_shcp_ef_260727_ecostress_us_tx5_0|bti_shcp_hist_191006_Flat_Desert_Test_0002_0|bti_shcp_hist_200305_ecostress_cr_fsc_0|bti_shcp_hist_200408_v221101_Nabro_0|bti_shcp_hist_200412_ecostress_de_tha_0|bti_shcp_hist_200617_ecostress_us_syv_0|bti_shcp_hist_201006_v325010_Yellowstone_0|bti_shcp_hist_210212_ecostress_us_cz1_0|bti_shcp_hist_210417_ecostress_us_hn2_0|bti_shcp_v2_210622_ecostress_us_arm_0|bti_shcp_v2_210810_ecostress_us_sp_0|fresh_240722_ecostress_ar_slu_0|fresh_250610_validation_eastern_colorado|fresh_r2_240801_ecostress_au_stp_0|fresh_r4_240817_ecostress_us_hn1_0|scene_20200814_204505_204710_lat44p22_44p80_lonm89p8_m88p9|scene_20210124_142615_142820_lat13p2_13p78_lon2p35_3p25|scene_20210420_210835_211040_lat38p25_38p83_lonm122p0_m121p1|scene_20210421_074525_074725_lat48p30_48p88_lon1p9_2p8|scene_20211130_055145_055345_lat25p9_26p48_lon105p9_106p8|scene_20220725_010105_010310_lat43p22_43p80_lonm120p2_m119p3|scene_20221020_033705_033910_lat43p75_44p33_lon124p3_125p2|scene_20231006_192245_192450_lat43p20_43p78_lonm120p3_m119p4|scene_20250927_200015_200220_lat39p62_40p20_lonm104p5_m103p6,843298561,wacqnet_full_lobo/fold_03_WACQ_FULL.h5,eb9cb5cd9e7cea2a305a8faeb6b86872fbab3cf3bf2cdfb00f08c7499e8add3c,True
WACQ_FULL,4,bti_241212_Venice_Italy_0,35,bti_240905_Salvador_Brazil_0|bti_241001_campaign_texmex_fort_worth_0|bti_241012_ecostress_il_yat_0|bti_241204_ecostress_ne_waf_0|bti_250207_ecostress_us_tx2_0|bti_250214_ecostress_ssh_czo_cal_0|bti_250406_sif_Santa_Rita_Cluster_USA_0|bti_250504_Christchurch_NewZealand_0|bti_250815_ecostress_us_var_0|bti_251011_ecostress_us_los_0|bti_251215_campaign_texmex_baton_rouge_0|bti_shcp_ef_260727_ecostress_us_tx5_0|bti_shcp_hist_191006_Flat_Desert_Test_0002_0|bti_shcp_hist_200305_ecostress_cr_fsc_0|bti_shcp_hist_200408_v221101_Nabro_0|bti_shcp_hist_200412_ecostress_de_tha_0|bti_shcp_hist_200617_ecostress_us_syv_0|bti_shcp_hist_201006_v325010_Yellowstone_0|bti_shcp_hist_210212_ecostress_us_cz1_0|bti_shcp_hist_210417_ecostress_us_hn2_0|bti_shcp_v2_210622_ecostress_us_arm_0|bti_shcp_v2_210810_ecostress_us_sp_0|fresh_240722_ecostress_ar_slu_0|fresh_250610_validation_eastern_colorado|fresh_r2_240801_ecostress_au_stp_0|fresh_r4_240817_ecostress_us_hn1_0|scene_20200814_204505_204710_lat44p22_44p80_lonm89p8_m88p9|scene_20210124_142615_142820_lat13p2_13p78_lon2p35_3p25|scene_20210420_210835_211040_lat38p25_38p83_lonm122p0_m121p1|scene_20210421_074525_074725_lat48p30_48p88_lon1p9_2p8|scene_20211130_055145_055345_lat25p9_26p48_lon105p9_106p8|scene_20220725_010105_010310_lat43p22_43p80_lonm120p2_m119p3|scene_20221020_033705_033910_lat43p75_44p33_lon124p3_125p2|scene_20231006_192245_192450_lat43p20_43p78_lonm120p3_m119p4|scene_20250927_200015_200220_lat39p62_40p20_lonm104p5_m103p6,2157542558,wacqnet_full_lobo/fold_04_WACQ_FULL.h5,bf666d01e9155710fedf45b59879c0320cdeca940288d43ed0eb2914d7a12959,True
WACQ_FULL,5,bti_250207_ecostress_us_tx2_0,35,bti_240905_Salvador_Brazil_0|bti_241001_campaign_texmex_fort_worth_0|bti_241012_ecostress_il_yat_0|bti_241204_ecostress_ne_waf_0|bti_241212_Venice_Italy_0|bti_250214_ecostress_ssh_czo_cal_0|bti_250406_sif_Santa_Rita_Cluster_USA_0|bti_250504_Christchurch_NewZealand_0|bti_250815_ecostress_us_var_0|bti_251011_ecostress_us_los_0|bti_251215_campaign_texmex_baton_rouge_0|bti_shcp_ef_260727_ecostress_us_tx5_0|bti_shcp_hist_191006_Flat_Desert_Test_0002_0|bti_shcp_hist_200305_ecostress_cr_fsc_0|bti_shcp_hist_200408_v221101_Nabro_0|bti_shcp_hist_200412_ecostress_de_tha_0|bti_shcp_hist_200617_ecostress_us_syv_0|bti_shcp_hist_201006_v325010_Yellowstone_0|bti_shcp_hist_210212_ecostress_us_cz1_0|bti_shcp_hist_210417_ecostress_us_hn2_0|bti_shcp_v2_210622_ecostress_us_arm_0|bti_shcp_v2_210810_ecostress_us_sp_0|fresh_240722_ecostress_ar_slu_0|fresh_250610_validation_eastern_colorado|fresh_r2_240801_ecostress_au_stp_0|fresh_r4_240817_ecostress_us_hn1_0|scene_20200814_204505_204710_lat44p22_44p80_lonm89p8_m88p9|scene_20210124_142615_142820_lat13p2_13p78_lon2p35_3p25|scene_20210420_210835_211040_lat38p25_38p83_lonm122p0_m121p1|scene_20210421_074525_074725_lat48p30_48p88_lon1p9_2p8|scene_20211130_055145_055345_lat25p9_26p48_lon105p9_106p8|scene_20220725_010105_010310_lat43p22_43p80_lonm120p2_m119p3|scene_20221020_033705_033910_lat43p75_44p33_lon124p3_125p2|scene_20231006_192245_192450_lat43p20_43p78_lonm120p3_m119p4|scene_20250927_200015_200220_lat39p62_40p20_lonm104p5_m103p6,1432121814,wacqnet_full_lobo/fold_05_WACQ_FULL.h5,4884397f171d8f074d2b7694ed50533be3e0c34cce8ad6c5c0f5b217765d5f96,True
WACQ_FULL,6,bti_250214_ecostress_ssh_czo_cal_0,35,bti_240905_Salvador_Brazil_0|bti_241001_campaign_texmex_fort_worth_0|bti_241012_ecostress_il_yat_0|bti_241204_ecostress_ne_waf_0|bti_241212_Venice_Italy_0|bti_250207_ecostress_us_tx2_0|bti_250406_sif_Santa_Rita_Cluster_USA_0|bti_250504_Christchurch_NewZealand_0|bti_250815_ecostress_us_var_0|bti_251011_ecostress_us_los_0|bti_251215_campaign_texmex_baton_rouge_0|bti_shcp_ef_260727_ecostress_us_tx5_0|bti_shcp_hist_191006_Flat_Desert_Test_0002_0|bti_shcp_hist_200305_ecostress_cr_fsc_0|bti_shcp_hist_200408_v221101_Nabro_0|bti_shcp_hist_200412_ecostress_de_tha_0|bti_shcp_hist_200617_ecostress_us_syv_0|bti_shcp_hist_201006_v325010_Yellowstone_0|bti_shcp_hist_210212_ecostress_us_cz1_0|bti_shcp_hist_210417_ecostress_us_hn2_0|bti_shcp_v2_210622_ecostress_us_arm_0|bti_shcp_v2_210810_ecostress_us_sp_0|fresh_240722_ecostress_ar_slu_0|fresh_250610_validation_eastern_colorado|fresh_r2_240801_ecostress_au_stp_0|fresh_r4_240817_ecostress_us_hn1_0|scene_20200814_204505_204710_lat44p22_44p80_lonm89p8_m88p9|scene_20210124_142615_142820_lat13p2_13p78_lon2p35_3p25|scene_20210420_210835_211040_lat38p25_38p83_lonm122p0_m121p1|scene_20210421_074525_074725_lat48p30_48p88_lon1p9_2p8|scene_20211130_055145_055345_lat25p9_26p48_lon105p9_106p8|scene_20220725_010105_010310_lat43p22_43p80_lonm120p2_m119p3|scene_20221020_033705_033910_lat43p75_44p33_lon124p3_125p2|scene_20231006_192245_192450_lat43p20_43p78_lonm120p3_m119p4|scene_20250927_200015_200220_lat39p62_40p20_lonm104p5_m103p6,2748259757,wacqnet_full_lobo/fold_06_WACQ_FULL.h5,9026ff95f68f736b329cc5a23f5e3721443cf6c218385f6d4d8137d62322ef6a,True
WACQ_FULL,7,bti_250406_sif_Santa_Rita_Cluster_USA_0,35,bti_240905_Salvador_Brazil_0|bti_241001_campaign_texmex_fort_worth_0|bti_241012_ecostress_il_yat_0|bti_241204_ecostress_ne_waf_0|bti_241212_Venice_Italy_0|bti_250207_ecostress_us_tx2_0|bti_250214_ecostress_ssh_czo_cal_0|bti_250504_Christchurch_NewZealand_0|bti_250815_ecostress_us_var_0|bti_251011_ecostress_us_los_0|bti_251215_campaign_texmex_baton_rouge_0|bti_shcp_ef_260727_ecostress_us_tx5_0|bti_shcp_hist_191006_Flat_Desert_Test_0002_0|bti_shcp_hist_200305_ecostress_cr_fsc_0|bti_shcp_hist_200408_v221101_Nabro_0|bti_shcp_hist_200412_ecostress_de_tha_0|bti_shcp_hist_200617_ecostress_us_syv_0|bti_shcp_hist_201006_v325010_Yellowstone_0|bti_shcp_hist_210212_ecostress_us_cz1_0|bti_shcp_hist_210417_ecostress_us_hn2_0|bti_shcp_v2_210622_ecostress_us_arm_0|bti_shcp_v2_210810_ecostress_us_sp_0|fresh_240722_ecostress_ar_slu_0|fresh_250610_validation_eastern_colorado|fresh_r2_240801_ecostress_au_stp_0|fresh_r4_240817_ecostress_us_hn1_0|scene_20200814_204505_204710_lat44p22_44p80_lonm89p8_m88p9|scene_20210124_142615_142820_lat13p2_13p78_lon2p35_3p25|scene_20210420_210835_211040_lat38p25_38p83_lonm122p0_m121p1|scene_20210421_074525_074725_lat48p30_48p88_lon1p9_2p8|scene_20211130_055145_055345_lat25p9_26p48_lon105p9_106p8|scene_20220725_010105_010310_lat43p22_43p80_lonm120p2_m119p3|scene_20221020_033705_033910_lat43p75_44p33_lon124p3_125p2|scene_20231006_192245_192450_lat43p20_43p78_lonm120p3_m119p4|scene_20250927_200015_200220_lat39p62_40p20_lonm104p5_m103p6,1346302021,wacqnet_full_lobo/fold_07_WACQ_FULL.h5,bfdb7e0b6e1f88ca53602c224feeea7baa25025db19925aad36cc550716589ac,True
WACQ_FULL,8,bti_250504_Christchurch_NewZealand_0,35,bti_240905_Salvador_Brazil_0|bti_241001_campaign_texmex_fort_worth_0|bti_241012_ecostress_il_yat_0|bti_241204_ecostress_ne_waf_0|bti_241212_Venice_Italy_0|bti_250207_ecostress_us_tx2_0|bti_250214_ecostress_ssh_czo_cal_0|bti_250406_sif_Santa_Rita_Cluster_USA_0|bti_250815_ecostress_us_var_0|bti_251011_ecostress_us_los_0|bti_251215_campaign_texmex_baton_rouge_0|bti_shcp_ef_260727_ecostress_us_tx5_0|bti_shcp_hist_191006_Flat_Desert_Test_0002_0|bti_shcp_hist_200305_ecostress_cr_fsc_0|bti_shcp_hist_200408_v221101_Nabro_0|bti_shcp_hist_200412_ecostress_de_tha_0|bti_shcp_hist_200617_ecostress_us_syv_0|bti_shcp_hist_201006_v325010_Yellowstone_0|bti_shcp_hist_210212_ecostress_us_cz1_0|bti_shcp_hist_210417_ecostress_us_hn2_0|bti_shcp_v2_210622_ecostress_us_arm_0|bti_shcp_v2_210810_ecostress_us_sp_0|fresh_240722_ecostress_ar_slu_0|fresh_250610_validation_eastern_colorado|fresh_r2_240801_ecostress_au_stp_0|fresh_r4_240817_ecostress_us_hn1_0|scene_20200814_204505_204710_lat44p22_44p80_lonm89p8_m88p9|scene_20210124_142615_142820_lat13p2_13p78_lon2p35_3p25|scene_20210420_210835_211040_lat38p25_38p83_lonm122p0_m121p1|scene_20210421_074525_074725_lat48p30_48p88_lon1p9_2p8|scene_20211130_055145_055345_lat25p9_26p48_lon105p9_106p8|scene_20220725_010105_010310_lat43p22_43p80_lonm120p2_m119p3|scene_20221020_033705_033910_lat43p75_44p33_lon124p3_125p2|scene_20231006_192245_192450_lat43p20_43p78_lonm120p3_m119p4|scene_20250927_200015_200220_lat39p62_40p20_lonm104p5_m103p6,3565715677,wacqnet_full_lobo/fold_08_WACQ_FULL.h5,aaa87ef55a4cfaa7c78b83b8df36b94d4ea904759d9a61a588614988b9b2ce44,True
WACQ_FULL,9,bti_250815_ecostress_us_var_0,35,bti_240905_Salvador_Brazil_0|bti_241001_campaign_texmex_fort_worth_0|bti_241012_ecostress_il_yat_0|bti_241204_ecostress_ne_waf_0|bti_241212_Venice_Italy_0|bti_250207_ecostress_us_tx2_0|bti_250214_ecostress_ssh_czo_cal_0|bti_250406_sif_Santa_Rita_Cluster_USA_0|bti_250504_Christchurch_NewZealand_0|bti_251011_ecostress_us_los_0|bti_251215_campaign_texmex_baton_rouge_0|bti_shcp_ef_260727_ecostress_us_tx5_0|bti_shcp_hist_191006_Flat_Desert_Test_0002_0|bti_shcp_hist_200305_ecostress_cr_fsc_0|bti_shcp_hist_200408_v221101_Nabro_0|bti_shcp_hist_200412_ecostress_de_tha_0|bti_shcp_hist_200617_ecostress_us_syv_0|bti_shcp_hist_201006_v325010_Yellowstone_0|bti_shcp_hist_210212_ecostress_us_cz1_0|bti_shcp_hist_210417_ecostress_us_hn2_0|bti_shcp_v2_210622_ecostress_us_arm_0|bti_shcp_v2_210810_ecostress_us_sp_0|fresh_240722_ecostress_ar_slu_0|fresh_250610_validation_eastern_colorado|fresh_r2_240801_ecostress_au_stp_0|fresh_r4_240817_ecostress_us_hn1_0|scene_20200814_204505_204710_lat44p22_44p80_lonm89p8_m88p9|scene_20210124_142615_142820_lat13p2_13p78_lon2p35_3p25|scene_20210420_210835_211040_lat38p25_38p83_lonm122p0_m121p1|scene_20210421_074525_074725_lat48p30_48p88_lon1p9_2p8|scene_20211130_055145_055345_lat25p9_26p48_lon105p9_106p8|scene_20220725_010105_010310_lat43p22_43p80_lonm120p2_m119p3|scene_20221020_033705_033910_lat43p75_44p33_lon124p3_125p2|scene_20231006_192245_192450_lat43p20_43p78_lonm120p3_m119p4|scene_20250927_200015_200220_lat39p62_40p20_lonm104p5_m103p6,2715727193,wacqnet_full_lobo/fold_09_WACQ_FULL.h5,988f53d103a4737ab53f130cafb09f6d39f63f446e907c89531c045832394e64,True
WACQ_FULL,10,bti_251011_ecostress_us_los_0,35,bti_240905_Salvador_Brazil_0|bti_241001_campaign_texmex_fort_worth_0|bti_241012_ecostress_il_yat_0|bti_241204_ecostress_ne_waf_0|bti_241212_Venice_Italy_0|bti_250207_ecostress_us_tx2_0|bti_250214_ecostress_ssh_czo_cal_0|bti_250406_sif_Santa_Rita_Cluster_USA_0|bti_250504_Christchurch_NewZealand_0|bti_250815_ecostress_us_var_0|bti_251215_campaign_texmex_baton_rouge_0|bti_shcp_ef_260727_ecostress_us_tx5_0|bti_shcp_hist_191006_Flat_Desert_Test_0002_0|bti_shcp_hist_200305_ecostress_cr_fsc_0|bti_shcp_hist_200408_v221101_Nabro_0|bti_shcp_hist_200412_ecostress_de_tha_0|bti_shcp_hist_200617_ecostress_us_syv_0|bti_shcp_hist_201006_v325010_Yellowstone_0|bti_shcp_hist_210212_ecostress_us_cz1_0|bti_shcp_hist_210417_ecostress_us_hn2_0|bti_shcp_v2_210622_ecostress_us_arm_0|bti_shcp_v2_210810_ecostress_us_sp_0|fresh_240722_ecostress_ar_slu_0|fresh_250610_validation_eastern_colorado|fresh_r2_240801_ecostress_au_stp_0|fresh_r4_240817_ecostress_us_hn1_0|scene_20200814_204505_204710_lat44p22_44p80_lonm89p8_m88p9|scene_20210124_142615_142820_lat13p2_13p78_lon2p35_3p25|scene_20210420_210835_211040_lat38p25_38p83_lonm122p0_m121p1|scene_20210421_074525_074725_lat48p30_48p88_lon1p9_2p8|scene_20211130_055145_055345_lat25p9_26p48_lon105p9_106p8|scene_20220725_010105_010310_lat43p22_43p80_lonm120p2_m119p3|scene_20221020_033705_033910_lat43p75_44p33_lon124p3_125p2|scene_20231006_192245_192450_lat43p20_43p78_lonm120p3_m119p4|scene_20250927_200015_200220_lat39p62_40p20_lonm104p5_m103p6,3644801954,wacqnet_full_lobo/fold_10_WACQ_FULL.h5,a21fba2134c6754f98fcba70d8b3ddf698873ab77b7c79a9a066f2fd632e2177,True
WACQ_FULL,11,bti_251215_campaign_texmex_baton_rouge_0,35,bti_240905_Salvador_Brazil_0|bti_241001_campaign_texmex_fort_worth_0|bti_241012_ecostress_il_yat_0|bti_241204_ecostress_ne_waf_0|bti_241212_Venice_Italy_0|bti_250207_ecostress_us_tx2_0|bti_250214_ecostress_ssh_czo_cal_0|bti_250406_sif_Santa_Rita_Cluster_USA_0|bti_250504_Christchurch_NewZealand_0|bti_250815_ecostress_us_var_0|bti_251011_ecostress_us_los_0|bti_shcp_ef_260727_ecostress_us_tx5_0|bti_shcp_hist_191006_Flat_Desert_Test_0002_0|bti_shcp_hist_200305_ecostress_cr_fsc_0|bti_shcp_hist_200408_v221101_Nabro_0|bti_shcp_hist_200412_ecostress_de_tha_0|bti_shcp_hist_200617_ecostress_us_syv_0|bti_shcp_hist_201006_v325010_Yellowstone_0|bti_shcp_hist_210212_ecostress_us_cz1_0|bti_shcp_hist_210417_ecostress_us_hn2_0|bti_shcp_v2_210622_ecostress_us_arm_0|bti_shcp_v2_210810_ecostress_us_sp_0|fresh_240722_ecostress_ar_slu_0|fresh_250610_validation_eastern_colorado|fresh_r2_240801_ecostress_au_stp_0|fresh_r4_240817_ecostress_us_hn1_0|scene_20200814_204505_204710_lat44p22_44p80_lonm89p8_m88p9|scene_20210124_142615_142820_lat13p2_13p78_lon2p35_3p25|scene_20210420_210835_211040_lat38p25_38p83_lonm122p0_m121p1|scene_20210421_074525_074725_lat48p30_48p88_lon1p9_2p8|scene_20211130_055145_055345_lat25p9_26p48_lon105p9_106p8|scene_20220725_010105_010310_lat43p22_43p80_lonm120p2_m119p3|scene_20221020_033705_033910_lat43p75_44p33_lon124p3_125p2|scene_20231006_192245_192450_lat43p20_43p78_lonm120p3_m119p4|scene_20250927_200015_200220_lat39p62_40p20_lonm104p5_m103p6,3344492380,wacqnet_full_lobo/fold_11_WACQ_FULL.h5,03bdc183704d024de0be4a06de8a7cd62dfe4427f47375b07e9a6caf81952f0d,True
WACQ_FULL,12,bti_shcp_ef_260727_ecostress_us_tx5_0,35,bti_240905_Salvador_Brazil_0|bti_241001_campaign_texmex_fort_worth_0|bti_241012_ecostress_il_yat_0|bti_241204_ecostress_ne_waf_0|bti_241212_Venice_Italy_0|bti_250207_ecostress_us_tx2_0|bti_250214_ecostress_ssh_czo_cal_0|bti_250406_sif_Santa_Rita_Cluster_USA_0|bti_250504_Christchurch_NewZealand_0|bti_250815_ecostress_us_var_0|bti_251011_ecostress_us_los_0|bti_251215_campaign_texmex_baton_rouge_0|bti_shcp_hist_191006_Flat_Desert_Test_0002_0|bti_shcp_hist_200305_ecostress_cr_fsc_0|bti_shcp_hist_200408_v221101_Nabro_0|bti_shcp_hist_200412_ecostress_de_tha_0|bti_shcp_hist_200617_ecostress_us_syv_0|bti_shcp_hist_201006_v325010_Yellowstone_0|bti_shcp_hist_210212_ecostress_us_cz1_0|bti_shcp_hist_210417_ecostress_us_hn2_0|bti_shcp_v2_210622_ecostress_us_arm_0|bti_shcp_v2_210810_ecostress_us_sp_0|fresh_240722_ecostress_ar_slu_0|fresh_250610_validation_eastern_colorado|fresh_r2_240801_ecostress_au_stp_0|fresh_r4_240817_ecostress_us_hn1_0|scene_20200814_204505_204710_lat44p22_44p80_lonm89p8_m88p9|scene_20210124_142615_142820_lat13p2_13p78_lon2p35_3p25|scene_20210420_210835_211040_lat38p25_38p83_lonm122p0_m121p1|scene_20210421_074525_074725_lat48p30_48p88_lon1p9_2p8|scene_20211130_055145_055345_lat25p9_26p48_lon105p9_106p8|scene_20220725_010105_010310_lat43p22_43p80_lonm120p2_m119p3|scene_20221020_033705_033910_lat43p75_44p33_lon124p3_125p2|scene_20231006_192245_192450_lat43p20_43p78_lonm120p3_m119p4|scene_20250927_200015_200220_lat39p62_40p20_lonm104p5_m103p6,2660764628,wacqnet_full_lobo/fold_12_WACQ_FULL.h5,b925d6bdf830058c3b4fd90fe0f9fd856827e9951878753ab47bcc8bd92cfaee,True
WACQ_FULL,13,bti_shcp_hist_191006_Flat_Desert_Test_0002_0,35,bti_240905_Salvador_Brazil_0|bti_241001_campaign_texmex_fort_worth_0|bti_241012_ecostress_il_yat_0|bti_241204_ecostress_ne_waf_0|bti_241212_Venice_Italy_0|bti_250207_ecostress_us_tx2_0|bti_250214_ecostress_ssh_czo_cal_0|bti_250406_sif_Santa_Rita_Cluster_USA_0|bti_250504_Christchurch_NewZealand_0|bti_250815_ecostress_us_var_0|bti_251011_ecostress_us_los_0|bti_251215_campaign_texmex_baton_rouge_0|bti_shcp_ef_260727_ecostress_us_tx5_0|bti_shcp_hist_200305_ecostress_cr_fsc_0|bti_shcp_hist_200408_v221101_Nabro_0|bti_shcp_hist_200412_ecostress_de_tha_0|bti_shcp_hist_200617_ecostress_us_syv_0|bti_shcp_hist_201006_v325010_Yellowstone_0|bti_shcp_hist_210212_ecostress_us_cz1_0|bti_shcp_hist_210417_ecostress_us_hn2_0|bti_shcp_v2_210622_ecostress_us_arm_0|bti_shcp_v2_210810_ecostress_us_sp_0|fresh_240722_ecostress_ar_slu_0|fresh_250610_validation_eastern_colorado|fresh_r2_240801_ecostress_au_stp_0|fresh_r4_240817_ecostress_us_hn1_0|scene_20200814_204505_204710_lat44p22_44p80_lonm89p8_m88p9|scene_20210124_142615_142820_lat13p2_13p78_lon2p35_3p25|scene_20210420_210835_211040_lat38p25_38p83_lonm122p0_m121p1|scene_20210421_074525_074725_lat48p30_48p88_lon1p9_2p8|scene_20211130_055145_055345_lat25p9_26p48_lon105p9_106p8|scene_20220725_010105_010310_lat43p22_43p80_lonm120p2_m119p3|scene_20221020_033705_033910_lat43p75_44p33_lon124p3_125p2|scene_20231006_192245_192450_lat43p20_43p78_lonm120p3_m119p4|scene_20250927_200015_200220_lat39p62_40p20_lonm104p5_m103p6,1767437505,wacqnet_full_lobo/fold_13_WACQ_FULL.h5,ecf707863cc1807685f814bca1aedfdf5a2d720773e26c5b9958f226c7da92b8,True
WACQ_FULL,14,bti_shcp_hist_200305_ecostress_cr_fsc_0,35,bti_240905_Salvador_Brazil_0|bti_241001_campaign_texmex_fort_worth_0|bti_241012_ecostress_il_yat_0|bti_241204_ecostress_ne_waf_0|bti_241212_Venice_Italy_0|bti_250207_ecostress_us_tx2_0|bti_250214_ecostress_ssh_czo_cal_0|bti_250406_sif_Santa_Rita_Cluster_USA_0|bti_250504_Christchurch_NewZealand_0|bti_250815_ecostress_us_var_0|bti_251011_ecostress_us_los_0|bti_251215_campaign_texmex_baton_rouge_0|bti_shcp_ef_260727_ecostress_us_tx5_0|bti_shcp_hist_191006_Flat_Desert_Test_0002_0|bti_shcp_hist_200408_v221101_Nabro_0|bti_shcp_hist_200412_ecostress_de_tha_0|bti_shcp_hist_200617_ecostress_us_syv_0|bti_shcp_hist_201006_v325010_Yellowstone_0|bti_shcp_hist_210212_ecostress_us_cz1_0|bti_shcp_hist_210417_ecostress_us_hn2_0|bti_shcp_v2_210622_ecostress_us_arm_0|bti_shcp_v2_210810_ecostress_us_sp_0|fresh_240722_ecostress_ar_slu_0|fresh_250610_validation_eastern_colorado|fresh_r2_240801_ecostress_au_stp_0|fresh_r4_240817_ecostress_us_hn1_0|scene_20200814_204505_204710_lat44p22_44p80_lonm89p8_m88p9|scene_20210124_142615_142820_lat13p2_13p78_lon2p35_3p25|scene_20210420_210835_211040_lat38p25_38p83_lonm122p0_m121p1|scene_20210421_074525_074725_lat48p30_48p88_lon1p9_2p8|scene_20211130_055145_055345_lat25p9_26p48_lon105p9_106p8|scene_20220725_010105_010310_lat43p22_43p80_lonm120p2_m119p3|scene_20221020_033705_033910_lat43p75_44p33_lon124p3_125p2|scene_20231006_192245_192450_lat43p20_43p78_lonm120p3_m119p4|scene_20250927_200015_200220_lat39p62_40p20_lonm104p5_m103p6,201817641,wacqnet_full_lobo/fold_14_WACQ_FULL.h5,5d111f29176d7519e76e94e76cbe9fdd92dd017b0e8cffc9b199a38ee3d60a7f,True
WACQ_FULL,15,bti_shcp_hist_200408_v221101_Nabro_0,35,bti_240905_Salvador_Brazil_0|bti_241001_campaign_texmex_fort_worth_0|bti_241012_ecostress_il_yat_0|bti_241204_ecostress_ne_waf_0|bti_241212_Venice_Italy_0|bti_250207_ecostress_us_tx2_0|bti_250214_ecostress_ssh_czo_cal_0|bti_250406_sif_Santa_Rita_Cluster_USA_0|bti_250504_Christchurch_NewZealand_0|bti_250815_ecostress_us_var_0|bti_251011_ecostress_us_los_0|bti_251215_campaign_texmex_baton_rouge_0|bti_shcp_ef_260727_ecostress_us_tx5_0|bti_shcp_hist_191006_Flat_Desert_Test_0002_0|bti_shcp_hist_200305_ecostress_cr_fsc_0|bti_shcp_hist_200412_ecostress_de_tha_0|bti_shcp_hist_200617_ecostress_us_syv_0|bti_shcp_hist_201006_v325010_Yellowstone_0|bti_shcp_hist_210212_ecostress_us_cz1_0|bti_shcp_hist_210417_ecostress_us_hn2_0|bti_shcp_v2_210622_ecostress_us_arm_0|bti_shcp_v2_210810_ecostress_us_sp_0|fresh_240722_ecostress_ar_slu_0|fresh_250610_validation_eastern_colorado|fresh_r2_240801_ecostress_au_stp_0|fresh_r4_240817_ecostress_us_hn1_0|scene_20200814_204505_204710_lat44p22_44p80_lonm89p8_m88p9|scene_20210124_142615_142820_lat13p2_13p78_lon2p35_3p25|scene_20210420_210835_211040_lat38p25_38p83_lonm122p0_m121p1|scene_20210421_074525_074725_lat48p30_48p88_lon1p9_2p8|scene_20211130_055145_055345_lat25p9_26p48_lon105p9_106p8|scene_20220725_010105_010310_lat43p22_43p80_lonm120p2_m119p3|scene_20221020_033705_033910_lat43p75_44p33_lon124p3_125p2|scene_20231006_192245_192450_lat43p20_43p78_lonm120p3_m119p4|scene_20250927_200015_200220_lat39p62_40p20_lonm104p5_m103p6,3066411067,wacqnet_full_lobo/fold_15_WACQ_FULL.h5,48390332a03eac2d949d865a23fea26c73dca4bfa0161951518cdef5e6656aa8,True
WACQ_FULL,16,bti_shcp_hist_200412_ecostress_de_tha_0,35,bti_240905_Salvador_Brazil_0|bti_241001_campaign_texmex_fort_worth_0|bti_241012_ecostress_il_yat_0|bti_241204_ecostress_ne_waf_0|bti_241212_Venice_Italy_0|bti_250207_ecostress_us_tx2_0|bti_250214_ecostress_ssh_czo_cal_0|bti_250406_sif_Santa_Rita_Cluster_USA_0|bti_250504_Christchurch_NewZealand_0|bti_250815_ecostress_us_var_0|bti_251011_ecostress_us_los_0|bti_251215_campaign_texmex_baton_rouge_0|bti_shcp_ef_260727_ecostress_us_tx5_0|bti_shcp_hist_191006_Flat_Desert_Test_0002_0|bti_shcp_hist_200305_ecostress_cr_fsc_0|bti_shcp_hist_200408_v221101_Nabro_0|bti_shcp_hist_200617_ecostress_us_syv_0|bti_shcp_hist_201006_v325010_Yellowstone_0|bti_shcp_hist_210212_ecostress_us_cz1_0|bti_shcp_hist_210417_ecostress_us_hn2_0|bti_shcp_v2_210622_ecostress_us_arm_0|bti_shcp_v2_210810_ecostress_us_sp_0|fresh_240722_ecostress_ar_slu_0|fresh_250610_validation_eastern_colorado|fresh_r2_240801_ecostress_au_stp_0|fresh_r4_240817_ecostress_us_hn1_0|scene_20200814_204505_204710_lat44p22_44p80_lonm89p8_m88p9|scene_20210124_142615_142820_lat13p2_13p78_lon2p35_3p25|scene_20210420_210835_211040_lat38p25_38p83_lonm122p0_m121p1|scene_20210421_074525_074725_lat48p30_48p88_lon1p9_2p8|scene_20211130_055145_055345_lat25p9_26p48_lon105p9_106p8|scene_20220725_010105_010310_lat43p22_43p80_lonm120p2_m119p3|scene_20221020_033705_033910_lat43p75_44p33_lon124p3_125p2|scene_20231006_192245_192450_lat43p20_43p78_lonm120p3_m119p4|scene_20250927_200015_200220_lat39p62_40p20_lonm104p5_m103p6,4024950811,wacqnet_full_lobo/fold_16_WACQ_FULL.h5,3ac2ad12db3f4eb0bd717a8dbbc7a26f3b24a6607b8a8a026ac569d54fb1b066,True
WACQ_FULL,17,bti_shcp_hist_200617_ecostress_us_syv_0,35,bti_240905_Salvador_Brazil_0|bti_241001_campaign_texmex_fort_worth_0|bti_241012_ecostress_il_yat_0|bti_241204_ecostress_ne_waf_0|bti_241212_Venice_Italy_0|bti_250207_ecostress_us_tx2_0|bti_250214_ecostress_ssh_czo_cal_0|bti_250406_sif_Santa_Rita_Cluster_USA_0|bti_250504_Christchurch_NewZealand_0|bti_250815_ecostress_us_var_0|bti_251011_ecostress_us_los_0|bti_251215_campaign_texmex_baton_rouge_0|bti_shcp_ef_260727_ecostress_us_tx5_0|bti_shcp_hist_191006_Flat_Desert_Test_0002_0|bti_shcp_hist_200305_ecostress_cr_fsc_0|bti_shcp_hist_200408_v221101_Nabro_0|bti_shcp_hist_200412_ecostress_de_tha_0|bti_shcp_hist_201006_v325010_Yellowstone_0|bti_shcp_hist_210212_ecostress_us_cz1_0|bti_shcp_hist_210417_ecostress_us_hn2_0|bti_shcp_v2_210622_ecostress_us_arm_0|bti_shcp_v2_210810_ecostress_us_sp_0|fresh_240722_ecostress_ar_slu_0|fresh_250610_validation_eastern_colorado|fresh_r2_240801_ecostress_au_stp_0|fresh_r4_240817_ecostress_us_hn1_0|scene_20200814_204505_204710_lat44p22_44p80_lonm89p8_m88p9|scene_20210124_142615_142820_lat13p2_13p78_lon2p35_3p25|scene_20210420_210835_211040_lat38p25_38p83_lonm122p0_m121p1|scene_20210421_074525_074725_lat48p30_48p88_lon1p9_2p8|scene_20211130_055145_055345_lat25p9_26p48_lon105p9_106p8|scene_20220725_010105_010310_lat43p22_43p80_lonm120p2_m119p3|scene_20221020_033705_033910_lat43p75_44p33_lon124p3_125p2|scene_20231006_192245_192450_lat43p20_43p78_lonm120p3_m119p4|scene_20250927_200015_200220_lat39p62_40p20_lonm104p5_m103p6,1430031846,wacqnet_full_lobo/fold_17_WACQ_FULL.h5,b8f0d2f472b28f8ae3660ac31621a7dd4dea539db7778bae23573ff1b5f6013f,True
WACQ_FULL,18,bti_shcp_hist_201006_v325010_Yellowstone_0,35,bti_240905_Salvador_Brazil_0|bti_241001_campaign_texmex_fort_worth_0|bti_241012_ecostress_il_yat_0|bti_241204_ecostress_ne_waf_0|bti_241212_Venice_Italy_0|bti_250207_ecostress_us_tx2_0|bti_250214_ecostress_ssh_czo_cal_0|bti_250406_sif_Santa_Rita_Cluster_USA_0|bti_250504_Christchurch_NewZealand_0|bti_250815_ecostress_us_var_0|bti_251011_ecostress_us_los_0|bti_251215_campaign_texmex_baton_rouge_0|bti_shcp_ef_260727_ecostress_us_tx5_0|bti_shcp_hist_191006_Flat_Desert_Test_0002_0|bti_shcp_hist_200305_ecostress_cr_fsc_0|bti_shcp_hist_200408_v221101_Nabro_0|bti_shcp_hist_200412_ecostress_de_tha_0|bti_shcp_hist_200617_ecostress_us_syv_0|bti_shcp_hist_210212_ecostress_us_cz1_0|bti_shcp_hist_210417_ecostress_us_hn2_0|bti_shcp_v2_210622_ecostress_us_arm_0|bti_shcp_v2_210810_ecostress_us_sp_0|fresh_240722_ecostress_ar_slu_0|fresh_250610_validation_eastern_colorado|fresh_r2_240801_ecostress_au_stp_0|fresh_r4_240817_ecostress_us_hn1_0|scene_20200814_204505_204710_lat44p22_44p80_lonm89p8_m88p9|scene_20210124_142615_142820_lat13p2_13p78_lon2p35_3p25|scene_20210420_210835_211040_lat38p25_38p83_lonm122p0_m121p1|scene_20210421_074525_074725_lat48p30_48p88_lon1p9_2p8|scene_20211130_055145_055345_lat25p9_26p48_lon105p9_106p8|scene_20220725_010105_010310_lat43p22_43p80_lonm120p2_m119p3|scene_20221020_033705_033910_lat43p75_44p33_lon124p3_125p2|scene_20231006_192245_192450_lat43p20_43p78_lonm120p3_m119p4|scene_20250927_200015_200220_lat39p62_40p20_lonm104p5_m103p6,3741515737,wacqnet_full_lobo/fold_18_WACQ_FULL.h5,fac3190b4e2098c68c52ffb21436809adbac64a9c26ad29433b97f86a738be78,True
WACQ_FULL,19,bti_shcp_hist_210212_ecostress_us_cz1_0,35,bti_240905_Salvador_Brazil_0|bti_241001_campaign_texmex_fort_worth_0|bti_241012_ecostress_il_yat_0|bti_241204_ecostress_ne_waf_0|bti_241212_Venice_Italy_0|bti_250207_ecostress_us_tx2_0|bti_250214_ecostress_ssh_czo_cal_0|bti_250406_sif_Santa_Rita_Cluster_USA_0|bti_250504_Christchurch_NewZealand_0|bti_250815_ecostress_us_var_0|bti_251011_ecostress_us_los_0|bti_251215_campaign_texmex_baton_rouge_0|bti_shcp_ef_260727_ecostress_us_tx5_0|bti_shcp_hist_191006_Flat_Desert_Test_0002_0|bti_shcp_hist_200305_ecostress_cr_fsc_0|bti_shcp_hist_200408_v221101_Nabro_0|bti_shcp_hist_200412_ecostress_de_tha_0|bti_shcp_hist_200617_ecostress_us_syv_0|bti_shcp_hist_201006_v325010_Yellowstone_0|bti_shcp_hist_210417_ecostress_us_hn2_0|bti_shcp_v2_210622_ecostress_us_arm_0|bti_shcp_v2_210810_ecostress_us_sp_0|fresh_240722_ecostress_ar_slu_0|fresh_250610_validation_eastern_colorado|fresh_r2_240801_ecostress_au_stp_0|fresh_r4_240817_ecostress_us_hn1_0|scene_20200814_204505_204710_lat44p22_44p80_lonm89p8_m88p9|scene_20210124_142615_142820_lat13p2_13p78_lon2p35_3p25|scene_20210420_210835_211040_lat38p25_38p83_lonm122p0_m121p1|scene_20210421_074525_074725_lat48p30_48p88_lon1p9_2p8|scene_20211130_055145_055345_lat25p9_26p48_lon105p9_106p8|scene_20220725_010105_010310_lat43p22_43p80_lonm120p2_m119p3|scene_20221020_033705_033910_lat43p75_44p33_lon124p3_125p2|scene_20231006_192245_192450_lat43p20_43p78_lonm120p3_m119p4|scene_20250927_200015_200220_lat39p62_40p20_lonm104p5_m103p6,963834244,wacqnet_full_lobo/fold_19_WACQ_FULL.h5,eb06b1019a3c54b7155aba6e9fa1eb4d5e9b7aa1874d1c9c9f901fd849e95831,True
WACQ_FULL,20,bti_shcp_hist_210417_ecostress_us_hn2_0,35,bti_240905_Salvador_Brazil_0|bti_241001_campaign_texmex_fort_worth_0|bti_241012_ecostress_il_yat_0|bti_241204_ecostress_ne_waf_0|bti_241212_Venice_Italy_0|bti_250207_ecostress_us_tx2_0|bti_250214_ecostress_ssh_czo_cal_0|bti_250406_sif_Santa_Rita_Cluster_USA_0|bti_250504_Christchurch_NewZealand_0|bti_250815_ecostress_us_var_0|bti_251011_ecostress_us_los_0|bti_251215_campaign_texmex_baton_rouge_0|bti_shcp_ef_260727_ecostress_us_tx5_0|bti_shcp_hist_191006_Flat_Desert_Test_0002_0|bti_shcp_hist_200305_ecostress_cr_fsc_0|bti_shcp_hist_200408_v221101_Nabro_0|bti_shcp_hist_200412_ecostress_de_tha_0|bti_shcp_hist_200617_ecostress_us_syv_0|bti_shcp_hist_201006_v325010_Yellowstone_0|bti_shcp_hist_210212_ecostress_us_cz1_0|bti_shcp_v2_210622_ecostress_us_arm_0|bti_shcp_v2_210810_ecostress_us_sp_0|fresh_240722_ecostress_ar_slu_0|fresh_250610_validation_eastern_colorado|fresh_r2_240801_ecostress_au_stp_0|fresh_r4_240817_ecostress_us_hn1_0|scene_20200814_204505_204710_lat44p22_44p80_lonm89p8_m88p9|scene_20210124_142615_142820_lat13p2_13p78_lon2p35_3p25|scene_20210420_210835_211040_lat38p25_38p83_lonm122p0_m121p1|scene_20210421_074525_074725_lat48p30_48p88_lon1p9_2p8|scene_20211130_055145_055345_lat25p9_26p48_lon105p9_106p8|scene_20220725_010105_010310_lat43p22_43p80_lonm120p2_m119p3|scene_20221020_033705_033910_lat43p75_44p33_lon124p3_125p2|scene_20231006_192245_192450_lat43p20_43p78_lonm120p3_m119p4|scene_20250927_200015_200220_lat39p62_40p20_lonm104p5_m103p6,1103342272,wacqnet_full_lobo/fold_20_WACQ_FULL.h5,d1e30f4203ab467736fcbdfbd09f04d424bfc0931661b6572324bf1173b536c5,True
WACQ_FULL,21,bti_shcp_v2_210622_ecostress_us_arm_0,35,bti_240905_Salvador_Brazil_0|bti_241001_campaign_texmex_fort_worth_0|bti_241012_ecostress_il_yat_0|bti_241204_ecostress_ne_waf_0|bti_241212_Venice_Italy_0|bti_250207_ecostress_us_tx2_0|bti_250214_ecostress_ssh_czo_cal_0|bti_250406_sif_Santa_Rita_Cluster_USA_0|bti_250504_Christchurch_NewZealand_0|bti_250815_ecostress_us_var_0|bti_251011_ecostress_us_los_0|bti_251215_campaign_texmex_baton_rouge_0|bti_shcp_ef_260727_ecostress_us_tx5_0|bti_shcp_hist_191006_Flat_Desert_Test_0002_0|bti_shcp_hist_200305_ecostress_cr_fsc_0|bti_shcp_hist_200408_v221101_Nabro_0|bti_shcp_hist_200412_ecostress_de_tha_0|bti_shcp_hist_200617_ecostress_us_syv_0|bti_shcp_hist_201006_v325010_Yellowstone_0|bti_shcp_hist_210212_ecostress_us_cz1_0|bti_shcp_hist_210417_ecostress_us_hn2_0|bti_shcp_v2_210810_ecostress_us_sp_0|fresh_240722_ecostress_ar_slu_0|fresh_250610_validation_eastern_colorado|fresh_r2_240801_ecostress_au_stp_0|fresh_r4_240817_ecostress_us_hn1_0|scene_20200814_204505_204710_lat44p22_44p80_lonm89p8_m88p9|scene_20210124_142615_142820_lat13p2_13p78_lon2p35_3p25|scene_20210420_210835_211040_lat38p25_38p83_lonm122p0_m121p1|scene_20210421_074525_074725_lat48p30_48p88_lon1p9_2p8|scene_20211130_055145_055345_lat25p9_26p48_lon105p9_106p8|scene_20220725_010105_010310_lat43p22_43p80_lonm120p2_m119p3|scene_20221020_033705_033910_lat43p75_44p33_lon124p3_125p2|scene_20231006_192245_192450_lat43p20_43p78_lonm120p3_m119p4|scene_20250927_200015_200220_lat39p62_40p20_lonm104p5_m103p6,1141926500,wacqnet_full_lobo/fold_21_WACQ_FULL.h5,204f9df3035f04af2d86f5d908eac294dba118a9877de9f544a98fdf3d1d75d7,True
WACQ_FULL,22,bti_shcp_v2_210810_ecostress_us_sp_0,35,bti_240905_Salvador_Brazil_0|bti_241001_campaign_texmex_fort_worth_0|bti_241012_ecostress_il_yat_0|bti_241204_ecostress_ne_waf_0|bti_241212_Venice_Italy_0|bti_250207_ecostress_us_tx2_0|bti_250214_ecostress_ssh_czo_cal_0|bti_250406_sif_Santa_Rita_Cluster_USA_0|bti_250504_Christchurch_NewZealand_0|bti_250815_ecostress_us_var_0|bti_251011_ecostress_us_los_0|bti_251215_campaign_texmex_baton_rouge_0|bti_shcp_ef_260727_ecostress_us_tx5_0|bti_shcp_hist_191006_Flat_Desert_Test_0002_0|bti_shcp_hist_200305_ecostress_cr_fsc_0|bti_shcp_hist_200408_v221101_Nabro_0|bti_shcp_hist_200412_ecostress_de_tha_0|bti_shcp_hist_200617_ecostress_us_syv_0|bti_shcp_hist_201006_v325010_Yellowstone_0|bti_shcp_hist_210212_ecostress_us_cz1_0|bti_shcp_hist_210417_ecostress_us_hn2_0|bti_shcp_v2_210622_ecostress_us_arm_0|fresh_240722_ecostress_ar_slu_0|fresh_250610_validation_eastern_colorado|fresh_r2_240801_ecostress_au_stp_0|fresh_r4_240817_ecostress_us_hn1_0|scene_20200814_204505_204710_lat44p22_44p80_lonm89p8_m88p9|scene_20210124_142615_142820_lat13p2_13p78_lon2p35_3p25|scene_20210420_210835_211040_lat38p25_38p83_lonm122p0_m121p1|scene_20210421_074525_074725_lat48p30_48p88_lon1p9_2p8|scene_20211130_055145_055345_lat25p9_26p48_lon105p9_106p8|scene_20220725_010105_010310_lat43p22_43p80_lonm120p2_m119p3|scene_20221020_033705_033910_lat43p75_44p33_lon124p3_125p2|scene_20231006_192245_192450_lat43p20_43p78_lonm120p3_m119p4|scene_20250927_200015_200220_lat39p62_40p20_lonm104p5_m103p6,2317882256,wacqnet_full_lobo/fold_22_WACQ_FULL.h5,ef91e6810acc4fa0d264d10d981adf56439246b330f94ae1e880d276abbc8ee3,True
WACQ_FULL,23,fresh_240722_ecostress_ar_slu_0,35,bti_240905_Salvador_Brazil_0|bti_241001_campaign_texmex_fort_worth_0|bti_241012_ecostress_il_yat_0|bti_241204_ecostress_ne_waf_0|bti_241212_Venice_Italy_0|bti_250207_ecostress_us_tx2_0|bti_250214_ecostress_ssh_czo_cal_0|bti_250406_sif_Santa_Rita_Cluster_USA_0|bti_250504_Christchurch_NewZealand_0|bti_250815_ecostress_us_var_0|bti_251011_ecostress_us_los_0|bti_251215_campaign_texmex_baton_rouge_0|bti_shcp_ef_260727_ecostress_us_tx5_0|bti_shcp_hist_191006_Flat_Desert_Test_0002_0|bti_shcp_hist_200305_ecostress_cr_fsc_0|bti_shcp_hist_200408_v221101_Nabro_0|bti_shcp_hist_200412_ecostress_de_tha_0|bti_shcp_hist_200617_ecostress_us_syv_0|bti_shcp_hist_201006_v325010_Yellowstone_0|bti_shcp_hist_210212_ecostress_us_cz1_0|bti_shcp_hist_210417_ecostress_us_hn2_0|bti_shcp_v2_210622_ecostress_us_arm_0|bti_shcp_v2_210810_ecostress_us_sp_0|fresh_250610_validation_eastern_colorado|fresh_r2_240801_ecostress_au_stp_0|fresh_r4_240817_ecostress_us_hn1_0|scene_20200814_204505_204710_lat44p22_44p80_lonm89p8_m88p9|scene_20210124_142615_142820_lat13p2_13p78_lon2p35_3p25|scene_20210420_210835_211040_lat38p25_38p83_lonm122p0_m121p1|scene_20210421_074525_074725_lat48p30_48p88_lon1p9_2p8|scene_20211130_055145_055345_lat25p9_26p48_lon105p9_106p8|scene_20220725_010105_010310_lat43p22_43p80_lonm120p2_m119p3|scene_20221020_033705_033910_lat43p75_44p33_lon124p3_125p2|scene_20231006_192245_192450_lat43p20_43p78_lonm120p3_m119p4|scene_20250927_200015_200220_lat39p62_40p20_lonm104p5_m103p6,2579567408,wacqnet_full_lobo/fold_23_WACQ_FULL.h5,c760d80aa0ceb6b5ad012b90d384317527e8359cc987579c1583240b931eb1cc,True
WACQ_FULL,24,fresh_250610_validation_eastern_colorado,35,bti_240905_Salvador_Brazil_0|bti_241001_campaign_texmex_fort_worth_0|bti_241012_ecostress_il_yat_0|bti_241204_ecostress_ne_waf_0|bti_241212_Venice_Italy_0|bti_250207_ecostress_us_tx2_0|bti_250214_ecostress_ssh_czo_cal_0|bti_250406_sif_Santa_Rita_Cluster_USA_0|bti_250504_Christchurch_NewZealand_0|bti_250815_ecostress_us_var_0|bti_251011_ecostress_us_los_0|bti_251215_campaign_texmex_baton_rouge_0|bti_shcp_ef_260727_ecostress_us_tx5_0|bti_shcp_hist_191006_Flat_Desert_Test_0002_0|bti_shcp_hist_200305_ecostress_cr_fsc_0|bti_shcp_hist_200408_v221101_Nabro_0|bti_shcp_hist_200412_ecostress_de_tha_0|bti_shcp_hist_200617_ecostress_us_syv_0|bti_shcp_hist_201006_v325010_Yellowstone_0|bti_shcp_hist_210212_ecostress_us_cz1_0|bti_shcp_hist_210417_ecostress_us_hn2_0|bti_shcp_v2_210622_ecostress_us_arm_0|bti_shcp_v2_210810_ecostress_us_sp_0|fresh_240722_ecostress_ar_slu_0|fresh_r2_240801_ecostress_au_stp_0|fresh_r4_240817_ecostress_us_hn1_0|scene_20200814_204505_204710_lat44p22_44p80_lonm89p8_m88p9|scene_20210124_142615_142820_lat13p2_13p78_lon2p35_3p25|scene_20210420_210835_211040_lat38p25_38p83_lonm122p0_m121p1|scene_20210421_074525_074725_lat48p30_48p88_lon1p9_2p8|scene_20211130_055145_055345_lat25p9_26p48_lon105p9_106p8|scene_20220725_010105_010310_lat43p22_43p80_lonm120p2_m119p3|scene_20221020_033705_033910_lat43p75_44p33_lon124p3_125p2|scene_20231006_192245_192450_lat43p20_43p78_lonm120p3_m119p4|scene_20250927_200015_200220_lat39p62_40p20_lonm104p5_m103p6,3775706858,wacqnet_full_lobo/fold_24_WACQ_FULL.h5,088f27cba9a1a1a88bb693f468ee14d046820d34797275c2d1303bda9dfa8749,True
WACQ_FULL,25,fresh_r2_240801_ecostress_au_stp_0,35,bti_240905_Salvador_Brazil_0|bti_241001_campaign_texmex_fort_worth_0|bti_241012_ecostress_il_yat_0|bti_241204_ecostress_ne_waf_0|bti_241212_Venice_Italy_0|bti_250207_ecostress_us_tx2_0|bti_250214_ecostress_ssh_czo_cal_0|bti_250406_sif_Santa_Rita_Cluster_USA_0|bti_250504_Christchurch_NewZealand_0|bti_250815_ecostress_us_var_0|bti_251011_ecostress_us_los_0|bti_251215_campaign_texmex_baton_rouge_0|bti_shcp_ef_260727_ecostress_us_tx5_0|bti_shcp_hist_191006_Flat_Desert_Test_0002_0|bti_shcp_hist_200305_ecostress_cr_fsc_0|bti_shcp_hist_200408_v221101_Nabro_0|bti_shcp_hist_200412_ecostress_de_tha_0|bti_shcp_hist_200617_ecostress_us_syv_0|bti_shcp_hist_201006_v325010_Yellowstone_0|bti_shcp_hist_210212_ecostress_us_cz1_0|bti_shcp_hist_210417_ecostress_us_hn2_0|bti_shcp_v2_210622_ecostress_us_arm_0|bti_shcp_v2_210810_ecostress_us_sp_0|fresh_240722_ecostress_ar_slu_0|fresh_250610_validation_eastern_colorado|fresh_r4_240817_ecostress_us_hn1_0|scene_20200814_204505_204710_lat44p22_44p80_lonm89p8_m88p9|scene_20210124_142615_142820_lat13p2_13p78_lon2p35_3p25|scene_20210420_210835_211040_lat38p25_38p83_lonm122p0_m121p1|scene_20210421_074525_074725_lat48p30_48p88_lon1p9_2p8|scene_20211130_055145_055345_lat25p9_26p48_lon105p9_106p8|scene_20220725_010105_010310_lat43p22_43p80_lonm120p2_m119p3|scene_20221020_033705_033910_lat43p75_44p33_lon124p3_125p2|scene_20231006_192245_192450_lat43p20_43p78_lonm120p3_m119p4|scene_20250927_200015_200220_lat39p62_40p20_lonm104p5_m103p6,4111730590,wacqnet_full_lobo/fold_25_WACQ_FULL.h5,4851e7b063d832badeb9e026d7087945e22045c5381ca68372ccb3dfc03cf3e5,True
WACQ_FULL,26,fresh_r4_240817_ecostress_us_hn1_0,35,bti_240905_Salvador_Brazil_0|bti_241001_campaign_texmex_fort_worth_0|bti_241012_ecostress_il_yat_0|bti_241204_ecostress_ne_waf_0|bti_241212_Venice_Italy_0|bti_250207_ecostress_us_tx2_0|bti_250214_ecostress_ssh_czo_cal_0|bti_250406_sif_Santa_Rita_Cluster_USA_0|bti_250504_Christchurch_NewZealand_0|bti_250815_ecostress_us_var_0|bti_251011_ecostress_us_los_0|bti_251215_campaign_texmex_baton_rouge_0|bti_shcp_ef_260727_ecostress_us_tx5_0|bti_shcp_hist_191006_Flat_Desert_Test_0002_0|bti_shcp_hist_200305_ecostress_cr_fsc_0|bti_shcp_hist_200408_v221101_Nabro_0|bti_shcp_hist_200412_ecostress_de_tha_0|bti_shcp_hist_200617_ecostress_us_syv_0|bti_shcp_hist_201006_v325010_Yellowstone_0|bti_shcp_hist_210212_ecostress_us_cz1_0|bti_shcp_hist_210417_ecostress_us_hn2_0|bti_shcp_v2_210622_ecostress_us_arm_0|bti_shcp_v2_210810_ecostress_us_sp_0|fresh_240722_ecostress_ar_slu_0|fresh_250610_validation_eastern_colorado|fresh_r2_240801_ecostress_au_stp_0|scene_20200814_204505_204710_lat44p22_44p80_lonm89p8_m88p9|scene_20210124_142615_142820_lat13p2_13p78_lon2p35_3p25|scene_20210420_210835_211040_lat38p25_38p83_lonm122p0_m121p1|scene_20210421_074525_074725_lat48p30_48p88_lon1p9_2p8|scene_20211130_055145_055345_lat25p9_26p48_lon105p9_106p8|scene_20220725_010105_010310_lat43p22_43p80_lonm120p2_m119p3|scene_20221020_033705_033910_lat43p75_44p33_lon124p3_125p2|scene_20231006_192245_192450_lat43p20_43p78_lonm120p3_m119p4|scene_20250927_200015_200220_lat39p62_40p20_lonm104p5_m103p6,1540296446,wacqnet_full_lobo/fold_26_WACQ_FULL.h5,a37e53f170bb11c63d7beb1ea55190ebc4d49121ea81b8cc73df97c4c608d69f,True
WACQ_FULL,27,scene_20200814_204505_204710_lat44p22_44p80_lonm89p8_m88p9,35,bti_240905_Salvador_Brazil_0|bti_241001_campaign_texmex_fort_worth_0|bti_241012_ecostress_il_yat_0|bti_241204_ecostress_ne_waf_0|bti_241212_Venice_Italy_0|bti_250207_ecostress_us_tx2_0|bti_250214_ecostress_ssh_czo_cal_0|bti_250406_sif_Santa_Rita_Cluster_USA_0|bti_250504_Christchurch_NewZealand_0|bti_250815_ecostress_us_var_0|bti_251011_ecostress_us_los_0|bti_251215_campaign_texmex_baton_rouge_0|bti_shcp_ef_260727_ecostress_us_tx5_0|bti_shcp_hist_191006_Flat_Desert_Test_0002_0|bti_shcp_hist_200305_ecostress_cr_fsc_0|bti_shcp_hist_200408_v221101_Nabro_0|bti_shcp_hist_200412_ecostress_de_tha_0|bti_shcp_hist_200617_ecostress_us_syv_0|bti_shcp_hist_201006_v325010_Yellowstone_0|bti_shcp_hist_210212_ecostress_us_cz1_0|bti_shcp_hist_210417_ecostress_us_hn2_0|bti_shcp_v2_210622_ecostress_us_arm_0|bti_shcp_v2_210810_ecostress_us_sp_0|fresh_240722_ecostress_ar_slu_0|fresh_250610_validation_eastern_colorado|fresh_r2_240801_ecostress_au_stp_0|fresh_r4_240817_ecostress_us_hn1_0|scene_20210124_142615_142820_lat13p2_13p78_lon2p35_3p25|scene_20210420_210835_211040_lat38p25_38p83_lonm122p0_m121p1|scene_20210421_074525_074725_lat48p30_48p88_lon1p9_2p8|scene_20211130_055145_055345_lat25p9_26p48_lon105p9_106p8|scene_20220725_010105_010310_lat43p22_43p80_lonm120p2_m119p3|scene_20221020_033705_033910_lat43p75_44p33_lon124p3_125p2|scene_20231006_192245_192450_lat43p20_43p78_lonm120p3_m119p4|scene_20250927_200015_200220_lat39p62_40p20_lonm104p5_m103p6,1863032482,wacqnet_full_lobo/fold_27_WACQ_FULL.h5,4b94ad12a1bddd579b2fc2261e2c4797d5e8158f9be764e27eaad590b14503e3,True
WACQ_FULL,28,scene_20210124_142615_142820_lat13p2_13p78_lon2p35_3p25,35,bti_240905_Salvador_Brazil_0|bti_241001_campaign_texmex_fort_worth_0|bti_241012_ecostress_il_yat_0|bti_241204_ecostress_ne_waf_0|bti_241212_Venice_Italy_0|bti_250207_ecostress_us_tx2_0|bti_250214_ecostress_ssh_czo_cal_0|bti_250406_sif_Santa_Rita_Cluster_USA_0|bti_250504_Christchurch_NewZealand_0|bti_250815_ecostress_us_var_0|bti_251011_ecostress_us_los_0|bti_251215_campaign_texmex_baton_rouge_0|bti_shcp_ef_260727_ecostress_us_tx5_0|bti_shcp_hist_191006_Flat_Desert_Test_0002_0|bti_shcp_hist_200305_ecostress_cr_fsc_0|bti_shcp_hist_200408_v221101_Nabro_0|bti_shcp_hist_200412_ecostress_de_tha_0|bti_shcp_hist_200617_ecostress_us_syv_0|bti_shcp_hist_201006_v325010_Yellowstone_0|bti_shcp_hist_210212_ecostress_us_cz1_0|bti_shcp_hist_210417_ecostress_us_hn2_0|bti_shcp_v2_210622_ecostress_us_arm_0|bti_shcp_v2_210810_ecostress_us_sp_0|fresh_240722_ecostress_ar_slu_0|fresh_250610_validation_eastern_colorado|fresh_r2_240801_ecostress_au_stp_0|fresh_r4_240817_ecostress_us_hn1_0|scene_20200814_204505_204710_lat44p22_44p80_lonm89p8_m88p9|scene_20210420_210835_211040_lat38p25_38p83_lonm122p0_m121p1|scene_20210421_074525_074725_lat48p30_48p88_lon1p9_2p8|scene_20211130_055145_055345_lat25p9_26p48_lon105p9_106p8|scene_20220725_010105_010310_lat43p22_43p80_lonm120p2_m119p3|scene_20221020_033705_033910_lat43p75_44p33_lon124p3_125p2|scene_20231006_192245_192450_lat43p20_43p78_lonm120p3_m119p4|scene_20250927_200015_200220_lat39p62_40p20_lonm104p5_m103p6,3003163019,wacqnet_full_lobo/fold_28_WACQ_FULL.h5,eeffa1674d90257037579f587482130c40c7f485a162b3a22fda370ae8d9f3d2,True
WACQ_FULL,29,scene_20210420_210835_211040_lat38p25_38p83_lonm122p0_m121p1,35,bti_240905_Salvador_Brazil_0|bti_241001_campaign_texmex_fort_worth_0|bti_241012_ecostress_il_yat_0|bti_241204_ecostress_ne_waf_0|bti_241212_Venice_Italy_0|bti_250207_ecostress_us_tx2_0|bti_250214_ecostress_ssh_czo_cal_0|bti_250406_sif_Santa_Rita_Cluster_USA_0|bti_250504_Christchurch_NewZealand_0|bti_250815_ecostress_us_var_0|bti_251011_ecostress_us_los_0|bti_251215_campaign_texmex_baton_rouge_0|bti_shcp_ef_260727_ecostress_us_tx5_0|bti_shcp_hist_191006_Flat_Desert_Test_0002_0|bti_shcp_hist_200305_ecostress_cr_fsc_0|bti_shcp_hist_200408_v221101_Nabro_0|bti_shcp_hist_200412_ecostress_de_tha_0|bti_shcp_hist_200617_ecostress_us_syv_0|bti_shcp_hist_201006_v325010_Yellowstone_0|bti_shcp_hist_210212_ecostress_us_cz1_0|bti_shcp_hist_210417_ecostress_us_hn2_0|bti_shcp_v2_210622_ecostress_us_arm_0|bti_shcp_v2_210810_ecostress_us_sp_0|fresh_240722_ecostress_ar_slu_0|fresh_250610_validation_eastern_colorado|fresh_r2_240801_ecostress_au_stp_0|fresh_r4_240817_ecostress_us_hn1_0|scene_20200814_204505_204710_lat44p22_44p80_lonm89p8_m88p9|scene_20210124_142615_142820_lat13p2_13p78_lon2p35_3p25|scene_20210421_074525_074725_lat48p30_48p88_lon1p9_2p8|scene_20211130_055145_055345_lat25p9_26p48_lon105p9_106p8|scene_20220725_010105_010310_lat43p22_43p80_lonm120p2_m119p3|scene_20221020_033705_033910_lat43p75_44p33_lon124p3_125p2|scene_20231006_192245_192450_lat43p20_43p78_lonm120p3_m119p4|scene_20250927_200015_200220_lat39p62_40p20_lonm104p5_m103p6,3600038344,wacqnet_full_lobo/fold_29_WACQ_FULL.h5,80eed367c57bbe7140542e1aea7dca4a3246aaa9982c6edace3281a5db69dfe6,True
WACQ_FULL,30,scene_20210421_074525_074725_lat48p30_48p88_lon1p9_2p8,35,bti_240905_Salvador_Brazil_0|bti_241001_campaign_texmex_fort_worth_0|bti_241012_ecostress_il_yat_0|bti_241204_ecostress_ne_waf_0|bti_241212_Venice_Italy_0|bti_250207_ecostress_us_tx2_0|bti_250214_ecostress_ssh_czo_cal_0|bti_250406_sif_Santa_Rita_Cluster_USA_0|bti_250504_Christchurch_NewZealand_0|bti_250815_ecostress_us_var_0|bti_251011_ecostress_us_los_0|bti_251215_campaign_texmex_baton_rouge_0|bti_shcp_ef_260727_ecostress_us_tx5_0|bti_shcp_hist_191006_Flat_Desert_Test_0002_0|bti_shcp_hist_200305_ecostress_cr_fsc_0|bti_shcp_hist_200408_v221101_Nabro_0|bti_shcp_hist_200412_ecostress_de_tha_0|bti_shcp_hist_200617_ecostress_us_syv_0|bti_shcp_hist_201006_v325010_Yellowstone_0|bti_shcp_hist_210212_ecostress_us_cz1_0|bti_shcp_hist_210417_ecostress_us_hn2_0|bti_shcp_v2_210622_ecostress_us_arm_0|bti_shcp_v2_210810_ecostress_us_sp_0|fresh_240722_ecostress_ar_slu_0|fresh_250610_validation_eastern_colorado|fresh_r2_240801_ecostress_au_stp_0|fresh_r4_240817_ecostress_us_hn1_0|scene_20200814_204505_204710_lat44p22_44p80_lonm89p8_m88p9|scene_20210124_142615_142820_lat13p2_13p78_lon2p35_3p25|scene_20210420_210835_211040_lat38p25_38p83_lonm122p0_m121p1|scene_20211130_055145_055345_lat25p9_26p48_lon105p9_106p8|scene_20220725_010105_010310_lat43p22_43p80_lonm120p2_m119p3|scene_20221020_033705_033910_lat43p75_44p33_lon124p3_125p2|scene_20231006_192245_192450_lat43p20_43p78_lonm120p3_m119p4|scene_20250927_200015_200220_lat39p62_40p20_lonm104p5_m103p6,3345357729,wacqnet_full_lobo/fold_30_WACQ_FULL.h5,e291cc33ea34c0dbc960e549568d776377eb4637560e4a17824d50ddee356bcf,True
WACQ_FULL,31,scene_20211130_055145_055345_lat25p9_26p48_lon105p9_106p8,35,bti_240905_Salvador_Brazil_0|bti_241001_campaign_texmex_fort_worth_0|bti_241012_ecostress_il_yat_0|bti_241204_ecostress_ne_waf_0|bti_241212_Venice_Italy_0|bti_250207_ecostress_us_tx2_0|bti_250214_ecostress_ssh_czo_cal_0|bti_250406_sif_Santa_Rita_Cluster_USA_0|bti_250504_Christchurch_NewZealand_0|bti_250815_ecostress_us_var_0|bti_251011_ecostress_us_los_0|bti_251215_campaign_texmex_baton_rouge_0|bti_shcp_ef_260727_ecostress_us_tx5_0|bti_shcp_hist_191006_Flat_Desert_Test_0002_0|bti_shcp_hist_200305_ecostress_cr_fsc_0|bti_shcp_hist_200408_v221101_Nabro_0|bti_shcp_hist_200412_ecostress_de_tha_0|bti_shcp_hist_200617_ecostress_us_syv_0|bti_shcp_hist_201006_v325010_Yellowstone_0|bti_shcp_hist_210212_ecostress_us_cz1_0|bti_shcp_hist_210417_ecostress_us_hn2_0|bti_shcp_v2_210622_ecostress_us_arm_0|bti_shcp_v2_210810_ecostress_us_sp_0|fresh_240722_ecostress_ar_slu_0|fresh_250610_validation_eastern_colorado|fresh_r2_240801_ecostress_au_stp_0|fresh_r4_240817_ecostress_us_hn1_0|scene_20200814_204505_204710_lat44p22_44p80_lonm89p8_m88p9|scene_20210124_142615_142820_lat13p2_13p78_lon2p35_3p25|scene_20210420_210835_211040_lat38p25_38p83_lonm122p0_m121p1|scene_20210421_074525_074725_lat48p30_48p88_lon1p9_2p8|scene_20220725_010105_010310_lat43p22_43p80_lonm120p2_m119p3|scene_20221020_033705_033910_lat43p75_44p33_lon124p3_125p2|scene_20231006_192245_192450_lat43p20_43p78_lonm120p3_m119p4|scene_20250927_200015_200220_lat39p62_40p20_lonm104p5_m103p6,2720428379,wacqnet_full_lobo/fold_31_WACQ_FULL.h5,43dc961b4998b4e1e3b614c3735f13305fd5cd9775cd837060e59320f85ea960,True
WACQ_FULL,32,scene_20220725_010105_010310_lat43p22_43p80_lonm120p2_m119p3,35,bti_240905_Salvador_Brazil_0|bti_241001_campaign_texmex_fort_worth_0|bti_241012_ecostress_il_yat_0|bti_241204_ecostress_ne_waf_0|bti_241212_Venice_Italy_0|bti_250207_ecostress_us_tx2_0|bti_250214_ecostress_ssh_czo_cal_0|bti_250406_sif_Santa_Rita_Cluster_USA_0|bti_250504_Christchurch_NewZealand_0|bti_250815_ecostress_us_var_0|bti_251011_ecostress_us_los_0|bti_251215_campaign_texmex_baton_rouge_0|bti_shcp_ef_260727_ecostress_us_tx5_0|bti_shcp_hist_191006_Flat_Desert_Test_0002_0|bti_shcp_hist_200305_ecostress_cr_fsc_0|bti_shcp_hist_200408_v221101_Nabro_0|bti_shcp_hist_200412_ecostress_de_tha_0|bti_shcp_hist_200617_ecostress_us_syv_0|bti_shcp_hist_201006_v325010_Yellowstone_0|bti_shcp_hist_210212_ecostress_us_cz1_0|bti_shcp_hist_210417_ecostress_us_hn2_0|bti_shcp_v2_210622_ecostress_us_arm_0|bti_shcp_v2_210810_ecostress_us_sp_0|fresh_240722_ecostress_ar_slu_0|fresh_250610_validation_eastern_colorado|fresh_r2_240801_ecostress_au_stp_0|fresh_r4_240817_ecostress_us_hn1_0|scene_20200814_204505_204710_lat44p22_44p80_lonm89p8_m88p9|scene_20210124_142615_142820_lat13p2_13p78_lon2p35_3p25|scene_20210420_210835_211040_lat38p25_38p83_lonm122p0_m121p1|scene_20210421_074525_074725_lat48p30_48p88_lon1p9_2p8|scene_20211130_055145_055345_lat25p9_26p48_lon105p9_106p8|scene_20221020_033705_033910_lat43p75_44p33_lon124p3_125p2|scene_20231006_192245_192450_lat43p20_43p78_lonm120p3_m119p4|scene_20250927_200015_200220_lat39p62_40p20_lonm104p5_m103p6,3668000934,wacqnet_full_lobo/fold_32_WACQ_FULL.h5,7e3a7768868aade1bed898356d3ac85b6d427e87761b1010a56251a8de76d138,True
WACQ_FULL,33,scene_20221020_033705_033910_lat43p75_44p33_lon124p3_125p2,35,bti_240905_Salvador_Brazil_0|bti_241001_campaign_texmex_fort_worth_0|bti_241012_ecostress_il_yat_0|bti_241204_ecostress_ne_waf_0|bti_241212_Venice_Italy_0|bti_250207_ecostress_us_tx2_0|bti_250214_ecostress_ssh_czo_cal_0|bti_250406_sif_Santa_Rita_Cluster_USA_0|bti_250504_Christchurch_NewZealand_0|bti_250815_ecostress_us_var_0|bti_251011_ecostress_us_los_0|bti_251215_campaign_texmex_baton_rouge_0|bti_shcp_ef_260727_ecostress_us_tx5_0|bti_shcp_hist_191006_Flat_Desert_Test_0002_0|bti_shcp_hist_200305_ecostress_cr_fsc_0|bti_shcp_hist_200408_v221101_Nabro_0|bti_shcp_hist_200412_ecostress_de_tha_0|bti_shcp_hist_200617_ecostress_us_syv_0|bti_shcp_hist_201006_v325010_Yellowstone_0|bti_shcp_hist_210212_ecostress_us_cz1_0|bti_shcp_hist_210417_ecostress_us_hn2_0|bti_shcp_v2_210622_ecostress_us_arm_0|bti_shcp_v2_210810_ecostress_us_sp_0|fresh_240722_ecostress_ar_slu_0|fresh_250610_validation_eastern_colorado|fresh_r2_240801_ecostress_au_stp_0|fresh_r4_240817_ecostress_us_hn1_0|scene_20200814_204505_204710_lat44p22_44p80_lonm89p8_m88p9|scene_20210124_142615_142820_lat13p2_13p78_lon2p35_3p25|scene_20210420_210835_211040_lat38p25_38p83_lonm122p0_m121p1|scene_20210421_074525_074725_lat48p30_48p88_lon1p9_2p8|scene_20211130_055145_055345_lat25p9_26p48_lon105p9_106p8|scene_20220725_010105_010310_lat43p22_43p80_lonm120p2_m119p3|scene_20231006_192245_192450_lat43p20_43p78_lonm120p3_m119p4|scene_20250927_200015_200220_lat39p62_40p20_lonm104p5_m103p6,1794303376,wacqnet_full_lobo/fold_33_WACQ_FULL.h5,916c43c7a7fc5c19835d4d1771b6b466454ba180a34551c0524bc19273a1bf3b,True
WACQ_FULL,34,scene_20231006_192245_192450_lat43p20_43p78_lonm120p3_m119p4,35,bti_240905_Salvador_Brazil_0|bti_241001_campaign_texmex_fort_worth_0|bti_241012_ecostress_il_yat_0|bti_241204_ecostress_ne_waf_0|bti_241212_Venice_Italy_0|bti_250207_ecostress_us_tx2_0|bti_250214_ecostress_ssh_czo_cal_0|bti_250406_sif_Santa_Rita_Cluster_USA_0|bti_250504_Christchurch_NewZealand_0|bti_250815_ecostress_us_var_0|bti_251011_ecostress_us_los_0|bti_251215_campaign_texmex_baton_rouge_0|bti_shcp_ef_260727_ecostress_us_tx5_0|bti_shcp_hist_191006_Flat_Desert_Test_0002_0|bti_shcp_hist_200305_ecostress_cr_fsc_0|bti_shcp_hist_200408_v221101_Nabro_0|bti_shcp_hist_200412_ecostress_de_tha_0|bti_shcp_hist_200617_ecostress_us_syv_0|bti_shcp_hist_201006_v325010_Yellowstone_0|bti_shcp_hist_210212_ecostress_us_cz1_0|bti_shcp_hist_210417_ecostress_us_hn2_0|bti_shcp_v2_210622_ecostress_us_arm_0|bti_shcp_v2_210810_ecostress_us_sp_0|fresh_240722_ecostress_ar_slu_0|fresh_250610_validation_eastern_colorado|fresh_r2_240801_ecostress_au_stp_0|fresh_r4_240817_ecostress_us_hn1_0|scene_20200814_204505_204710_lat44p22_44p80_lonm89p8_m88p9|scene_20210124_142615_142820_lat13p2_13p78_lon2p35_3p25|scene_20210420_210835_211040_lat38p25_38p83_lonm122p0_m121p1|scene_20210421_074525_074725_lat48p30_48p88_lon1p9_2p8|scene_20211130_055145_055345_lat25p9_26p48_lon105p9_106p8|scene_20220725_010105_010310_lat43p22_43p80_lonm120p2_m119p3|scene_20221020_033705_033910_lat43p75_44p33_lon124p3_125p2|scene_20250927_200015_200220_lat39p62_40p20_lonm104p5_m103p6,474692416,wacqnet_full_lobo/fold_34_WACQ_FULL.h5,986a912860579b7d7c809c8bfca486d5ba501f75c25a667dc1817d1c9b0a7582,True
WACQ_FULL,35,scene_20250927_200015_200220_lat39p62_40p20_lonm104p5_m103p6,35,bti_240905_Salvador_Brazil_0|bti_241001_campaign_texmex_fort_worth_0|bti_241012_ecostress_il_yat_0|bti_241204_ecostress_ne_waf_0|bti_241212_Venice_Italy_0|bti_250207_ecostress_us_tx2_0|bti_250214_ecostress_ssh_czo_cal_0|bti_250406_sif_Santa_Rita_Cluster_USA_0|bti_250504_Christchurch_NewZealand_0|bti_250815_ecostress_us_var_0|bti_251011_ecostress_us_los_0|bti_251215_campaign_texmex_baton_rouge_0|bti_shcp_ef_260727_ecostress_us_tx5_0|bti_shcp_hist_191006_Flat_Desert_Test_0002_0|bti_shcp_hist_200305_ecostress_cr_fsc_0|bti_shcp_hist_200408_v221101_Nabro_0|bti_shcp_hist_200412_ecostress_de_tha_0|bti_shcp_hist_200617_ecostress_us_syv_0|bti_shcp_hist_201006_v325010_Yellowstone_0|bti_shcp_hist_210212_ecostress_us_cz1_0|bti_shcp_hist_210417_ecostress_us_hn2_0|bti_shcp_v2_210622_ecostress_us_arm_0|bti_shcp_v2_210810_ecostress_us_sp_0|fresh_240722_ecostress_ar_slu_0|fresh_250610_validation_eastern_colorado|fresh_r2_240801_ecostress_au_stp_0|fresh_r4_240817_ecostress_us_hn1_0|scene_20200814_204505_204710_lat44p22_44p80_lonm89p8_m88p9|scene_20210124_142615_142820_lat13p2_13p78_lon2p35_3p25|scene_20210420_210835_211040_lat38p25_38p83_lonm122p0_m121p1|scene_20210421_074525_074725_lat48p30_48p88_lon1p9_2p8|scene_20211130_055145_055345_lat25p9_26p48_lon105p9_106p8|scene_20220725_010105_010310_lat43p22_43p80_lonm120p2_m119p3|scene_20221020_033705_033910_lat43p75_44p33_lon124p3_125p2|scene_20231006_192245_192450_lat43p20_43p78_lonm120p3_m119p4,1452160395,wacqnet_full_lobo/fold_35_WACQ_FULL.h5,bb7559491e0be738c19162ffdf4f7d4e8891476ea2e0474d33f0b65a5d2a7fee,True
