importer,module,resolved
scripts/run_wacqnet_36_lobo.py,src.wacqnet,True
scripts/build_wacqnet_levelb_cache.py,src.bti_v2_levelb,True
scripts/build_wacqnet_levelb_cache.py,src.wacqnet,True
scripts/run_bti_worst_group_guard_hcp_development.py,scripts.run_bti_asymmetric_gdro_development,True
scripts/run_bti_worst_group_guard_hcp_development.py,src.bti_gdro,True
scripts/run_bti_worst_group_guard_hcp_development.py,src.bti_gdro_frozen_pipeline,True
scripts/run_bti_worst_group_guard_hcp_development.py,src.bti_group_tolerance_hcp,True
scripts/run_bti_worst_group_guard_hcp_development.py,src.bti_settail_hcp,True
tests/test_wacqnet_protocol.py,src.wacqnet,True
tests/test_bti_worst_group_guard_hcp.py,src.bti_group_tolerance_hcp,True
src/bti_v2_levelb.py,scripts.build_reliability_boundary,True
src/bti_v2_levelb.py,src.data.detectability_experiment,True
src/bti_v2_levelb.py,src.data.matched_filter,True
src/bti_v2_levelb.py,src.evaluation.reliability_boundary,True
scripts/run_bti_asymmetric_gdro_development.py,src.bti_asymmetric_gdro,True
scripts/run_bti_asymmetric_gdro_development.py,src.bti_gdro,True
scripts/run_bti_asymmetric_gdro_development.py,src.bti_gdro_frozen_pipeline,True
src/bti_gdro_frozen_pipeline.py,src.bti_gdro,True
src/bti_gdro_frozen_pipeline.py,src.bti_hcp,True
legacy_support/scripts/build_reliability_boundary.py,src.data.detectability_experiment,True
legacy_support/scripts/build_reliability_boundary.py,src.data.matched_filter,True
legacy_support/scripts/build_reliability_boundary.py,src.data.null_normalization,True
legacy_support/scripts/build_reliability_boundary.py,src.data.preprocessing,True
legacy_support/scripts/build_reliability_boundary.py,src.evaluation.reliability_boundary,True
legacy_support/scripts/build_reliability_boundary.py,src.evaluation.zero_plume,True
legacy_support/scripts/build_reliability_boundary.py,src.models.backbones,True
legacy_support/src/data/detectability_experiment.py,src.data.matched_filter,True
legacy_support/src/data/detectability_experiment.py,src.data.preprocessing,True
legacy_support/src/data/null_normalization.py,src.data.matched_filter,True
legacy_support/src/models/backbones.py,src.utils.checkpoint,True
